scenario,variable,module,kind,min,max,final,hard_low,hard_high,expected_low,expected_high,status,run_error
healthy_child_20kg,ADH_water_retention_index,EndocrineStressAxisModule,index,0.0,0.18829369844629934,0.1735386100971622,0.0,1.0,0.0,1.0,PASS,
healthy_child_20kg,AKI_index,AKICRRTModule/FluidBalanceModule,index,0.0,0.0,0.0,0.0,1.0,0.0,1.0,PASS,
healthy_child_20kg,CRP_proxy,InfectionAntimicrobialBasicModule,proxy,0.0,0.0,0.0,0.0,500.0,0.0,300.0,PASS,
healthy_child_20kg,CRRT_UF_mL_h_effective,AKICRRTModule/FluidBalanceModule,effect_index,0.0,0.0,0.0,0.0,1000.0,0.0,250.0,PASS,
healthy_child_20kg,CRRT_active_effective,AKICRRTModule/FluidBalanceModule,effect_index,0.0,0.0,0.0,0.0,1.0,0.0,1.0,PASS,
healthy_child_20kg,CRRT_clearance_mod,AKICRRTModule/FluidBalanceModule,modifier,0.0,0.0,0.0,0.0,5.0,0.0,2.5,PASS,
healthy_child_20kg,GCS_proxy,NeuroFunctionalModule/ICPModule,proxy,14.919587717645731,15.0,14.978543729248168,3.0,15.0,3.0,15.0,PASS,
healthy_child_20kg,HFOV_power_proxy,VentilatorModule,proxy,0.0,0.0,0.0,0.0,200.0,0.0,100.0,PASS,
healthy_child_20kg,ICP_alert,NeuroFunctionalModule/ICPModule,alert_flag,0.0,0.0,0.0,0.0,1.0,0.0,1.0,PASS,
healthy_child_20kg,LDH_index,HematologyOxygenTransportModule,index,0.0,0.15,0.15,0.0,1.0,0.0,1.0,PASS,
healthy_child_20kg,M6G_accumulation_proxy,Pharmacology/PainStressSedationModules,proxy,0.0,0.0,0.0,-1000.0,1000.0,-100.0,100.0,PASS,
healthy_child_20kg,RASS_proxy,NeuroFunctionalModule/ICPModule,proxy,0.0,1.4488754130434245,0.9627588549056434,-5.0,4.0,-5.0,4.0,PASS,
healthy_child_20kg,RRT_indication_score,AKICRRTModule/FluidBalanceModule,score,0.0,0.08140915260001957,0.0043443972909589235,0.0,1.0,0.0,1.0,PASS,
healthy_child_20kg,RV_afterload_index,HeartLung/RespiratoryMechanicsModule,index,0.0,0.14271572398857033,0.14271572398857033,0.0,1.0,0.0,1.0,PASS,
healthy_child_20kg,VCO2_mod,NutritionCatabolismModule,modifier,1.0,1.0,1.0,0.0,5.0,0.0,2.5,PASS,
healthy_child_20kg,VILI_risk,HeartLung/RespiratoryMechanicsModule,risk_index,0.0,0.02773647199596961,0.026249309459092776,0.0,1.0,0.0,1.0,PASS,
healthy_child_20kg,adrenal_insufficiency_index,EndocrineStressAxisModule,index,0.0,0.09591974769780716,0.09545777193514737,0.0,1.0,0.0,1.0,PASS,
healthy_child_20kg,air_trapping_index,AirwayObstructionModule,index,0.0,0.0,0.0,0.0,1.0,0.0,1.0,PASS,
healthy_child_20kg,airway_VdVt_add,AirwayObstructionModule,additive_modifier,0.0,0.0,0.0,-150.0,150.0,-50.0,50.0,PASS,
healthy_child_20kg,airway_obstruction_index,AirwayObstructionModule,index,0.0,0.0,0.0,0.0,1.0,0.0,1.0,PASS,
healthy_child_20kg,airway_resistance_mod,AirwayObstructionModule,modifier,1.21,1.21,1.21,0.0,5.0,0.0,2.5,PASS,
healthy_child_20kg,airway_shunt_add,AirwayObstructionModule,additive_modifier,0.0,0.0,0.0,-150.0,150.0,-50.0,50.0,PASS,
healthy_child_20kg,analgesia_score,PainStressSedationModule,score,0.0,0.0,0.0,0.0,1.0,0.0,1.0,PASS,
healthy_child_20kg,anemia_severity_index,HematologyOxygenTransportModule,index,0.0,0.0,0.0,0.0,1.0,0.0,1.0,PASS,
healthy_child_20kg,antibiotic_delay_harm_index,InfectionAntimicrobialBasicModule,index,0.0,0.0,0.0,0.0,1.0,0.0,1.0,PASS,
healthy_child_20kg,antibiotic_effect,InfectionAntimicrobialBasicModule,effect_index,0.0,0.0,0.0,0.0,1.0,0.0,1.0,PASS,
healthy_child_20kg,antimicrobial_deescalation_readiness,InfectionAntimicrobialBasicModule,index,0.0,0.0,0.0,0.0,1.0,0.0,1.0,PASS,
healthy_child_20kg,antimicrobial_escalation_score,InfectionAntimicrobialBasicModule,score,0.0,0.0,0.0,0.0,1.0,0.0,1.0,PASS,
healthy_child_20kg,antipyretic_effect,ThermoregulationModule,effect_index,0.0,0.0,0.0,0.0,1.0,0.0,1.0,PASS,
healthy_child_20kg,atelectrauma_index,HeartLung/RespiratoryMechanicsModule,index,0.0,0.08320941598790883,0.07874792837727833,0.0,1.0,0.0,1.0,PASS,
healthy_child_20kg,bleeding_risk_index,HematologyOxygenTransportModule,risk_index,0.0,0.0,0.0,0.0,1.0,0.0,1.0,PASS,
healthy_child_20kg,bronchodilator_effect,AirwayObstructionModule,effect_index,0.0,0.0,0.0,0.0,1.0,0.0,1.0,PASS,
healthy_child_20kg,bronchospasm_index,AirwayObstructionModule,index,0.0,0.0,0.0,0.0,1.0,0.0,1.0,PASS,
healthy_child_20kg,capillary_leak_index,HeartLung/RespiratoryMechanicsModule,index,0.0,0.015460827772908243,0.014249392273658928,0.0,1.0,0.0,1.0,PASS,
healthy_child_20kg,catabolism_index,NutritionCatabolismModule,index,0.0,0.13202120869079104,0.13146281566223303,0.0,1.0,0.0,1.0,PASS,
healthy_child_20kg,catecholamine_tone,EndocrineStressAxisModule,drive_or_tone,0.18,0.2362831509657483,0.2181495593393674,0.0,3.0,0.0,2.0,PASS,
healthy_child_20kg,cerebral_metabolic_rate_mod,NeuroFunctionalModule/ICPModule,modifier,1.0,1.0009914501127082,1.0009914501127082,0.0,5.0,0.0,2.5,PASS,
healthy_child_20kg,cholestasis_index,HepaticMetabolismModule,index,0.0,0.01553937307169475,0.01553937307169475,0.0,1.0,0.0,1.0,PASS,
healthy_child_20kg,clonidine_bradycardia_risk,Pharmacology/PainStressSedationModules,risk_index,0.0,0.0,0.0,0.0,1.0,0.0,1.0,PASS,
healthy_child_20kg,clonidine_hypotension_risk,Pharmacology/PainStressSedationModules,risk_index,0.0,0.0,0.0,0.0,1.0,0.0,1.0,PASS,
healthy_child_20kg,clonidine_withdrawal_mod,Neurofunctional/PainStressSedationModules,modifier,0.0,0.0,0.0,0.0,5.0,0.0,2.5,PASS,
healthy_child_20kg,coag_score,CoagulationModule,score,0.0,0.0,0.0,0.0,10.0,0.0,5.0,PASS,
healthy_child_20kg,consciousness_index,NeuroFunctionalModule/ICPModule,index,0.0,0.0067010235295223985,0.001788022562652684,0.0,1.0,0.0,1.0,PASS,
healthy_child_20kg,cooling_effect,ThermoregulationModule,effect_index,0.0,0.0,0.0,0.0,1.0,0.0,1.0,PASS,
healthy_child_20kg,critical_illness_steroid_need_index,EndocrineStressAxisModule,index,0.0,0.01630635710862722,0.016227821228975054,0.0,1.0,0.0,1.0,PASS,
healthy_child_20kg,cycling_frac,VentilatorModule,setting_fraction,0.25,0.25,0.25,0.0,1.0,0.0,1.0,PASS,
healthy_child_20kg,cytokine_drive,AdvancedSepsisModule,drive_or_tone,0.0,0.0,0.0,0.0,3.0,0.0,2.0,PASS,
healthy_child_20kg,delirium_risk,PainStressSedationModule,risk_index,0.05,0.133008173897062,0.05,0.0,1.0,0.0,1.0,PASS,
healthy_child_20kg,delirium_state_index,NeuroFunctionalModule/ICPModule,index,0.0,0.31844210249695076,0.18469780917001907,0.0,1.0,0.0,1.0,PASS,
healthy_child_20kg,diuretic_effect,AKICRRTModule/FluidBalanceModule,effect_index,0.0,0.0,0.0,0.0,1.0,0.0,1.0,PASS,
healthy_child_20kg,diuretic_response_index,AKICRRTModule/FluidBalanceModule,index,0.0,0.0,0.0,0.0,1.0,0.0,1.0,PASS,
healthy_child_20kg,drive_level,RespiratoryMechanics/ChemoreflexModule,drive_or_tone,1.0,2.4995870658783015,2.4995870658783015,0.0,3.0,0.0,2.0,REVIEW,
healthy_child_20kg,drug_HR_mod,PKPDModule,modifier,1.0,1.0,1.0,0.0,5.0,0.0,2.5,PASS,
healthy_child_20kg,drug_MAP_mod,PKPDModule,modifier,1.0,1.0,1.0,0.0,5.0,0.0,2.5,PASS,
healthy_child_20kg,drug_NMB_frac,PKPDModule,index,0.0,0.0,0.0,0.0,1.0,0.0,1.0,PASS,
healthy_child_20kg,drug_SVR_mod,PKPDModule,modifier,1.0,1.0,1.0,0.0,5.0,0.0,2.5,PASS,
healthy_child_20kg,drug_drive_mod,PKPDModule,modifier,1.0,1.0,1.0,0.0,5.0,0.0,2.5,PASS,
healthy_child_20kg,drug_inotropy_mod,PharmacologyModule,modifier,1.0,1.0,1.0,0.0,5.0,0.0,2.5,PASS,
healthy_child_20kg,encephalopathy_index,NeuroFunctionalModule/ICPModule,index,0.0,0.019422224679748176,0.005983399528527953,0.0,1.0,0.0,1.0,PASS,
healthy_child_20kg,endocrine_GFR_mod,EndocrineStressAxisModule,modifier,0.9413098317562089,1.0,0.9446391068302978,0.0,5.0,0.0,2.5,PASS,
healthy_child_20kg,endocrine_HR_add,EndocrineStressAxisModule,additive_modifier,0.0,5.198229321246463,4.799290305466083,-150.0,150.0,-50.0,50.0,PASS,
healthy_child_20kg,endocrine_SVR_mod,EndocrineStressAxisModule,modifier,1.0,1.0643117358443457,1.048531305413313,0.0,5.0,0.0,2.5,PASS,
healthy_child_20kg,endocrine_VO2_mod,EndocrineStressAxisModule,modifier,1.0,1.0425309671738348,1.039266920681086,0.0,5.0,0.0,2.5,PASS,
healthy_child_20kg,endocrine_glucose_prod_mod,EndocrineStressAxisModule,modifier,1.0,1.2425450127042514,1.2329796140433065,0.0,5.0,0.0,2.5,PASS,
healthy_child_20kg,endocrine_lactate_mod,EndocrineStressAxisModule,modifier,1.0,1.097087064992683,1.0906710115590506,0.0,5.0,0.0,2.5,PASS,
healthy_child_20kg,endocrine_severity_score,EndocrineStressAxisModule,score,0.0,0.07722169909675802,0.07291106625804887,0.0,1.0,0.0,1.0,PASS,
healthy_child_20kg,endothelial_leak_index,AdvancedSepsisModule,index,0.0,0.0,0.0,0.0,1.0,0.0,1.0,PASS,
healthy_child_20kg,feeding_intolerance_index,NutritionCatabolismModule,index,0.0,0.10899040894204468,0.10006119718584751,0.0,1.0,0.0,1.0,PASS,
healthy_child_20kg,fever_drive,ThermoregulationModule,drive_or_tone,0.0,0.0,0.0,0.0,3.0,0.0,2.0,PASS,
healthy_child_20kg,furosemide_effect_signal,Pharmacology/RenalModules,effect_index,0.0,0.0,0.0,0.0,1.0,0.0,1.0,PASS,
healthy_child_20kg,heart_lung_CO_mod,HeartLung/RespiratoryMechanicsModule,modifier,0.9643210690028574,1.0,0.9643210690028574,0.0,5.0,0.0,2.5,PASS,
healthy_child_20kg,heat_loss_index,ThermoregulationModule,index,0.0,0.0,0.0,0.0,1.0,0.0,1.0,PASS,
healthy_child_20kg,heme_severity_score,HematologyOxygenTransportModule,score,0.0,0.0,0.0,0.0,1.0,0.0,1.0,PASS,
healthy_child_20kg,hemolysis_index,HematologyOxygenTransportModule,index,0.0,0.0,0.0,0.0,1.0,0.0,1.0,PASS,
healthy_child_20kg,hepatic_drug_clearance_mod,HepaticMetabolismModule,modifier,0.9956644477746927,1.021760334761448,0.9956644477746927,0.0,5.0,0.0,2.5,PASS,
healthy_child_20kg,hepatic_encephalopathy_index,HepaticMetabolismModule,index,0.0,0.0,0.0,0.0,1.0,0.0,1.0,PASS,
healthy_child_20kg,hepatic_fluid_leak_mod,HepaticMetabolismModule,modifier,1.0,1.02638486801877,1.02638486801877,0.0,5.0,0.0,2.5,PASS,
healthy_child_20kg,hepatic_hypoxic_injury_index,HepaticMetabolismModule,index,0.0,0.0,0.0,0.0,1.0,0.0,1.0,PASS,
healthy_child_20kg,hepatic_lactate_clearance_mod,HepaticMetabolismModule,modifier,0.9961151567320763,1.0,0.9961151567320763,0.0,5.0,0.0,2.5,PASS,
healthy_child_20kg,hepatic_perfusion_index,HepaticMetabolismModule,index,1.0,1.15,1.0021750646413403,0.0,2.0,0.3,1.5,PASS,
healthy_child_20kg,hepatic_severity_score,HepaticMetabolismModule,score,0.0,0.01255266386106188,0.01255266386106188,0.0,1.0,0.0,1.0,PASS,
healthy_child_20kg,hepatocellular_injury_index,HepaticMetabolismModule,index,0.0,0.0,0.0,0.0,1.0,0.0,1.0,PASS,
healthy_child_20kg,hyperchloremia_index,AcidBaseElectrolyteModule,index,0.0,0.0,0.0,0.0,1.0,0.0,1.0,PASS,
healthy_child_20kg,hyperkalemia_index,AcidBaseElectrolyteModule,index,0.0,0.0,0.0,0.0,1.0,0.0,1.0,PASS,
healthy_child_20kg,hyperthermia_index,ThermoregulationModule,index,0.0,0.0,0.0,0.0,1.0,0.0,1.0,PASS,
healthy_child_20kg,hypokalemia_index,AcidBaseElectrolyteModule,index,0.0,0.0,0.0,0.0,1.0,0.0,1.0,PASS,
healthy_child_20kg,hypothermia_index,ThermoregulationModule,index,0.0,0.0,0.0,0.0,1.0,0.0,1.0,PASS,
healthy_child_20kg,hypoxic_ischemic_neuro_index,NeuroFunctionalModule/ICPModule,index,0.0,0.05142403281272552,0.05142403281272552,0.0,1.0,0.0,1.0,PASS,
healthy_child_20kg,inadequate_coverage_index,InfectionAntimicrobialBasicModule,index,0.0,0.0,0.0,0.0,1.0,0.0,1.0,PASS,
healthy_child_20kg,infection_fever_drive,InfectionAntimicrobialBasicModule,drive_or_tone,0.0,0.0,0.0,0.0,3.0,0.0,2.0,PASS,
healthy_child_20kg,infection_lactate_mod,InfectionAntimicrobialBasicModule,modifier,1.0,1.0,1.0,0.0,5.0,0.0,2.5,PASS,
healthy_child_20kg,infection_severity_score,InfectionAntimicrobialBasicModule,score,0.0,0.0,0.0,0.0,1.0,0.0,1.0,PASS,
healthy_child_20kg,ino_PVR_mod,INOModule,modifier,1.0,1.0,1.0,0.0,5.0,0.0,2.5,PASS,
healthy_child_20kg,ino_Qs_Qt_mod,INOModule,modifier,1.0,1.0,1.0,0.0,5.0,0.0,2.5,PASS,
healthy_child_20kg,insulin_effect_revision,Pharmacology/GlucoseModules,schema_marker,319.0,319.0,319.0,0.0,999.0,0.0,999.0,PASS,
healthy_child_20kg,insulin_effective_clearance_mmol_L_h,Pharmacology/GlucoseModules,effect_index,0.0,0.0,0.0,0.0,50.0,0.0,10.0,PASS,
healthy_child_20kg,insulin_hypoglycemia_risk,Pharmacology/GlucoseModules,risk_index,0.0,0.0,0.0,0.0,1.0,0.0,1.0,PASS,
healthy_child_20kg,insulin_resistance_index,EndocrineStressAxisModule,index,0.0,0.09166705640285641,0.08713786281118235,0.0,1.0,0.0,1.0,PASS,
healthy_child_20kg,insulin_sensitivity_mod,EndocrineStressAxisModule,modifier,0.9431664250302291,1.0,0.9459745250570669,0.0,5.0,0.0,2.5,PASS,
healthy_child_20kg,liver_SOFA_proxy,HepaticMetabolismModule,proxy,0.0,0.0,0.0,0.0,4.0,0.0,4.0,PASS,
healthy_child_20kg,malnutrition_index,NutritionCatabolismModule,index,0.0,0.0,0.0,0.0,1.0,0.0,1.0,PASS,
healthy_child_20kg,marrow_suppression_index,HematologyOxygenTransportModule,index,0.0,0.0,0.0,0.0,1.0,0.0,1.0,PASS,
healthy_child_20kg,metabolic_acidosis_index,AcidBaseElectrolyteModule,index,0.1125,0.11748213876874729,0.11748213876874729,0.0,1.0,0.0,1.0,PASS,
healthy_child_20kg,metabolic_encephalopathy_index,NeuroFunctionalModule/ICPModule,index,0.0,0.026520137430278066,0.0,0.0,1.0,0.0,1.0,PASS,
healthy_child_20kg,microbial_burden,InfectionAntimicrobialBasicModule,index,0.0,0.0,0.0,0.0,1.0,0.0,1.0,PASS,
healthy_child_20kg,microcirculatory_failure_index,AdvancedSepsisModule,index,0.0,0.0,0.0,0.0,1.0,0.0,1.0,PASS,
healthy_child_20kg,morphine_renal_accumulation_risk,AKICRRTModule,risk_index,0.0,0.0,0.0,0.0,1.0,0.0,1.0,PASS,
healthy_child_20kg,myocardial_depression_index,AdvancedSepsisModule,index,0.0,0.0,0.0,0.0,1.0,0.0,1.0,PASS,
healthy_child_20kg,neuro_HR_add,NeuroFunctionalModule/ICPModule,additive_modifier,0.0,2.4527485141589445,1.6478780237942148,-150.0,150.0,-50.0,50.0,PASS,
healthy_child_20kg,neuro_alert,NeuroFunctionalModule/ICPModule,alert_flag,0.0,0.0,0.0,0.0,1.0,0.0,1.0,PASS,
healthy_child_20kg,neuro_resp_drive_mod,NeuroFunctionalModule/ICPModule,modifier,0.9383630889810514,1.000035158844877,1.000035158844877,0.0,5.0,0.0,2.5,PASS,
healthy_child_20kg,neuro_severity_score,NeuroFunctionalModule/ICPModule,score,0.0,0.05603509785343959,0.032978350257889325,0.0,1.0,0.0,1.0,PASS,
healthy_child_20kg,neuro_sympathetic_mod,NeuroFunctionalModule/ICPModule,modifier,1.0,1.1392420390219513,1.092343455794191,0.0,5.0,0.0,2.5,PASS,
healthy_child_20kg,nitrogen_balance_proxy,NutritionCatabolismModule,proxy,-2.7469614413726378,0.0,-2.744817212142975,-50.0,50.0,-20.0,20.0,PASS,
healthy_child_20kg,nutrition_albumin_mod,NutritionCatabolismModule,modifier,0.9344912077284184,1.0,0.9345136036127881,0.0,5.0,0.0,2.5,PASS,
healthy_child_20kg,nutrition_severity_score,NutritionCatabolismModule,score,0.0,0.34215196478673393,0.3353591854234905,0.0,1.0,0.0,1.0,PASS,
healthy_child_20kg,oncotic_pressure_proxy,HepaticMetabolismModule,proxy,0.9499999449981196,1.0,0.9499999449981196,0.0,3.0,0.3,2.0,PASS,
healthy_child_20kg,overdistension_index,HeartLung/RespiratoryMechanicsModule,index,0.0,0.0,0.0,0.0,1.0,0.0,1.0,PASS,
healthy_child_20kg,pain_score,PainStressSedationModule,score,2.0,7.573342390471979,6.975951356911119,0.0,10.0,0.0,10.0,PASS,
healthy_child_20kg,pathogen_resistance_index,InfectionAntimicrobialBasicModule,index,0.15,0.15,0.15,0.0,1.0,0.0,1.0,PASS,
healthy_child_20kg,piperacillin_coverage_mod,Pharmacology/InfectionModules,modifier,0.0,0.0,0.0,0.0,1.0,0.0,1.0,PASS,
healthy_child_20kg,piperacillin_target_attainment,Pharmacology/InfectionModules,index,0.0,0.0,0.0,0.0,1.0,0.0,1.0,PASS,
healthy_child_20kg,platelet_function_index,HematologyOxygenTransportModule,index,1.0,1.0,1.0,0.0,1.0,0.0,1.0,PASS,
healthy_child_20kg,procalcitonin_proxy,InfectionAntimicrobialBasicModule,proxy,0.0,0.0,0.0,0.0,1000.0,0.0,100.0,PASS,
healthy_child_20kg,recruited_frac,RespiratoryMechanics/ChemoreflexModule,index,0.7934650471273705,0.8901984806387719,0.8788493409580334,0.0,1.0,0.0,1.0,PASS,
healthy_child_20kg,refeeding_risk_index,NutritionCatabolismModule,risk_index,0.0,0.05,0.05,0.0,1.0,0.0,1.0,PASS,
healthy_child_20kg,renal_severity_score,AKICRRTModule/FluidBalanceModule,score,0.0,0.012211372890002936,0.0006516595936438385,0.0,1.0,0.0,1.0,PASS,
healthy_child_20kg,respiratory_acidosis_index,AcidBaseElectrolyteModule,index,0.0,0.6215636052100763,0.31144863497964426,0.0,1.0,0.0,1.0,PASS,
healthy_child_20kg,sed_HR_mod,PainStressSedationModule,modifier,1.0,1.5356274387877362,1.4846998531766729,0.0,5.0,0.0,2.5,PASS,
healthy_child_20kg,sed_SVR_mod,PainStressSedationModule,modifier,1.0,1.292160421156947,1.264381738096367,0.0,5.0,0.0,2.5,PASS,
healthy_child_20kg,sed_VO2_mod,PainStressSedationModule,modifier,1.0,1.292160421156947,1.264381738096367,0.0,5.0,0.0,2.5,PASS,
healthy_child_20kg,sed_resp_mod,PainStressSedationModule,modifier,1.0,1.0,1.0,0.0,5.0,0.0,2.5,PASS,
healthy_child_20kg,sedation_score,PainStressSedationModule,score,0.0,0.0,0.0,0.0,1.0,0.0,1.0,PASS,
healthy_child_20kg,seizure_risk_index,NeuroFunctionalModule/ICPModule,risk_index,0.0,0.006609667418053924,0.006609667418053924,0.0,1.0,0.0,1.0,PASS,
healthy_child_20kg,seizure_treatment_effect,NeuroFunctionalModule/ICPModule,effect_index,0.0,0.0,0.0,0.0,1.0,0.0,1.0,PASS,
healthy_child_20kg,sepsis_CO_mod,AdvancedSepsisModule,modifier,1.0,1.0,1.0,0.0,5.0,0.0,2.5,PASS,
healthy_child_20kg,sepsis_GFR_mod,AdvancedSepsisModule,modifier,1.0,1.0,1.0,0.0,5.0,0.0,2.5,PASS,
healthy_child_20kg,sepsis_HR_add,AdvancedSepsisModule,additive_modifier,0.0,0.0,0.0,-150.0,150.0,-50.0,50.0,PASS,
healthy_child_20kg,sepsis_SVR_mod,AdvancedSepsisModule,modifier,1.0,1.0,1.0,0.0,5.0,0.0,2.5,PASS,
healthy_child_20kg,sepsis_VO2_mod,AdvancedSepsisModule,modifier,1.0,1.0,1.0,0.0,5.0,0.0,2.5,PASS,
healthy_child_20kg,sepsis_coag_mod,AdvancedSepsisModule,modifier,1.0,1.0,1.0,0.0,5.0,0.0,2.5,PASS,
healthy_child_20kg,sepsis_lactate_prod_mod,AdvancedSepsisModule,modifier,1.0,1.0,1.0,0.0,5.0,0.0,2.5,PASS,
healthy_child_20kg,sepsis_severity_score,AdvancedSepsisModule,score,0.0,0.0,0.0,0.0,1.0,0.0,1.0,PASS,
healthy_child_20kg,septic_encephalopathy_index,NeuroFunctionalModule/ICPModule,index,0.0,0.0,0.0,0.0,1.0,0.0,1.0,PASS,
healthy_child_20kg,shivering_index,ThermoregulationModule,index,0.0,0.0,0.0,0.0,1.0,0.0,1.0,PASS,
healthy_child_20kg,source_control_need_index,InfectionAntimicrobialBasicModule,index,0.0,0.0,0.0,0.0,1.0,0.0,1.0,PASS,
healthy_child_20kg,steroid_ICP_mod,SteroidsModule,modifier,1.0,1.0,1.0,0.0,5.0,0.0,2.5,PASS,
healthy_child_20kg,steroid_SIRS_mod,SteroidsModule,modifier,1.0,1.0,1.0,0.0,5.0,0.0,2.5,PASS,
healthy_child_20kg,steroid_SVR_mod,SteroidsModule,modifier,1.0,1.0,1.0,0.0,5.0,0.0,2.5,PASS,
healthy_child_20kg,steroid_glucose_add,SteroidsModule,additive_modifier,0.0,0.0,0.0,-150.0,150.0,-50.0,50.0,PASS,
healthy_child_20kg,stress_hyperglycemia_index,PainStressSedationModule,index,0.0,0.0,0.0,0.0,1.0,0.0,1.0,PASS,
healthy_child_20kg,stress_index,PainStressSedationModule,index,0.1,0.9738680705231568,0.8812724603212234,0.0,1.0,0.0,1.0,PASS,
healthy_child_20kg,sympathetic_tone,PainStressSedationModule,drive_or_tone,1.0,1.5356274387877362,1.4846998531766729,0.0,3.0,0.0,2.0,PASS,
healthy_child_20kg,temperature_instability_score,ThermoregulationModule,score,0.0,0.0,0.0,0.0,1.0,0.0,1.0,PASS,
healthy_child_20kg,thermo_HR_add,ThermoregulationModule,additive_modifier,0.0,0.0,0.0,-150.0,150.0,-50.0,50.0,PASS,
healthy_child_20kg,thermo_VO2_mod,ThermoregulationModule,modifier,1.0,1.0,1.0,0.0,5.0,0.0,2.5,PASS,
healthy_child_20kg,thermo_coag_mod,ThermoregulationModule,modifier,1.0,1.0,1.0,0.0,5.0,0.0,2.5,PASS,
healthy_child_20kg,thermo_lactate_mod,ThermoregulationModule,modifier,1.0,1.0,1.0,0.0,5.0,0.0,2.5,PASS,
healthy_child_20kg,thrombosis_risk_index,HematologyOxygenTransportModule,risk_index,0.0,0.0,0.0,0.0,1.0,0.0,1.0,PASS,
healthy_child_20kg,thyroid_suppression_index,EndocrineStressAxisModule,index,0.0,0.0,0.0,0.0,1.0,0.0,1.0,PASS,
healthy_child_20kg,transfusion_trigger_score,HematologyOxygenTransportModule,score,0.0,0.0,0.0,0.0,1.0,0.0,1.0,PASS,
healthy_child_20kg,vancomycin_coverage_mod,Pharmacology/InfectionModules,modifier,0.0,0.0,0.0,0.0,1.0,0.0,1.0,PASS,
healthy_child_20kg,vancomycin_target_attainment,Pharmacology/InfectionModules,index,0.0,0.0,0.0,0.0,1.0,0.0,1.0,PASS,
healthy_child_20kg,vasoplegia_index,AdvancedSepsisModule,index,0.0,0.0,0.0,0.0,1.0,0.0,1.0,PASS,
healthy_child_20kg,venous_return_mod,HeartLung/RespiratoryMechanicsModule,modifier,0.9780377040812207,1.0,1.0,0.0,5.0,0.0,2.5,PASS,
healthy_child_20kg,vq_deadspace_frac,RespiratoryGasExchangeModule,fraction,0.3,0.3585174683398941,0.35245299921703566,0.0,1.0,0.0,1.0,PASS,
healthy_child_20kg,vq_exchange_frac,RespiratoryGasExchangeModule,fraction,0.8117534088084638,0.9,0.8148764501359052,0.0,1.0,0.0,1.0,PASS,
healthy_child_20kg,vq_high_vq_burden,RespiratoryGasExchangeModule,burden_index,0.0,0.09391279592526006,0.09391279592526006,0.0,1.0,0.0,1.0,PASS,
healthy_child_20kg,vq_low_vq_burden,RespiratoryGasExchangeModule,burden_index,0.0,0.09391279592526006,0.09391279592526006,0.0,1.0,0.0,1.0,PASS,
healthy_child_20kg,vq_shunt_frac,RespiratoryGasExchangeModule,fraction,0.1,0.18824659119153622,0.18512354986409488,0.0,1.0,0.0,1.0,PASS,
healthy_child_20kg,warming_effect,ThermoregulationModule,effect_index,0.0,0.0,0.0,0.0,1.0,0.0,1.0,PASS,
healthy_child_20kg,withdrawal_risk,PainStressSedationModule,risk_index,0.0,0.0,0.0,0.0,1.0,0.0,1.0,PASS,
healthy_child_20kg,withdrawal_state_index,NeuroFunctionalModule/ICPModule,index,0.0,0.2710523336259713,0.20685471254491253,0.0,1.0,0.0,1.0,PASS,
healthy_child_20kg,vq_adaptive_sigma,GasExchangeModule,dispersion_proxy,0.35,0.5103381438843936,0.5017412004500632,0.0,2.0,0.2,1.8,PASS,
healthy_child_20kg,vq_ards_weight,GasExchangeModule,index,0.0,0.147216659055531,0.13932325789826164,0.0,1.0,0.0,1.0,PASS,
healthy_child_20kg,vq_obstruction_weight,GasExchangeModule,index,0.0,0.0,0.0,0.0,1.0,0.0,1.0,PASS,
healthy_child_20kg,vq_shock_weight,GasExchangeModule,index,0.0,0.0,0.0,0.0,1.0,0.0,1.0,PASS,
healthy_child_20kg,vq_neonatal_weight,GasExchangeModule,index,0.0,0.0,0.0,0.0,1.0,0.0,1.0,PASS,
healthy_child_20kg,ETT_failure_risk,Step4 integrated airway/pharmacology/monitoring modules,risk,0.0,0.0,0.0,0.0,1.0,0.0,1.0,PASS,
healthy_child_20kg,ETT_position_score,Step4 integrated airway/pharmacology/monitoring modules,score,1.0,1.0,1.0,0.0,1.0,0.0,1.0,PASS,
healthy_child_20kg,EtCO2_proxy,Step4 integrated airway/pharmacology/monitoring modules,proxy,35.0,61.88876201796778,47.10731510884111,0.0,150.0,15.0,80.0,PASS,
healthy_child_20kg,HFNC_failure_risk,Step4 integrated airway/pharmacology/monitoring modules,risk,0.0,0.0,0.0,0.0,1.0,0.0,1.0,PASS,
healthy_child_20kg,NIV_failure_risk,Step4 integrated airway/pharmacology/monitoring modules,risk,0.0,0.0,0.0,0.0,1.0,0.0,1.0,PASS,
healthy_child_20kg,NIV_leak_fraction,Step4 integrated airway/pharmacology/monitoring modules,fraction,0.28,0.28,0.28,0.0,1.0,0.0,1.0,PASS,
healthy_child_20kg,airway_event_hypoxia_burden,Step4 integrated airway/pharmacology/monitoring modules,burden,0.0,0.0,0.0,0.0,1.0,0.0,1.0,PASS,
healthy_child_20kg,airway_protection_score,Step4 integrated airway/pharmacology/monitoring modules,score,1.0,1.0,1.0,0.0,1.0,0.0,1.0,PASS,
healthy_child_20kg,aspiration_risk,Step4 integrated airway/pharmacology/monitoring modules,risk,0.0,0.0,0.0,0.0,1.0,0.0,1.0,PASS,
healthy_child_20kg,bronchodilator_HR_mod,Step4 integrated airway/pharmacology/monitoring modules,mod,1.0,1.0,1.0,0.5,2.0,0.8,1.4,PASS,
healthy_child_20kg,cuff_leak_fraction,Step4 integrated airway/pharmacology/monitoring modules,fraction,0.0,0.0,0.0,0.0,1.0,0.0,1.0,PASS,
healthy_child_20kg,dexmedetomidine_bradycardia_risk,Step4 integrated airway/pharmacology/monitoring modules,risk,0.0,0.0,0.0,0.0,1.0,0.0,1.0,PASS,
healthy_child_20kg,dexmedetomidine_hypotension_risk,Step4 integrated airway/pharmacology/monitoring modules,risk,0.0,0.0,0.0,0.0,1.0,0.0,1.0,PASS,
healthy_child_20kg,diuretic_hypovolemia_risk,Step4 integrated airway/pharmacology/monitoring modules,risk,0.0,0.0,0.0,0.0,1.0,0.0,1.0,PASS,
healthy_child_20kg,effective_external_PEEP_cmH2O,Step4 integrated airway/pharmacology/monitoring modules,modifier,5.0,8.0,8.0,0.0,60.0,0.0,25.0,PASS,
healthy_child_20kg,furosemide_effective_diuretic_signal,Step4 integrated airway/pharmacology/monitoring modules,signal,0.0,0.0,0.0,0.0,1.0,0.0,1.0,PASS,
healthy_child_20kg,ino_rebound_risk_signal,Step4 integrated airway/pharmacology/monitoring modules,risk,0.0,0.0,0.0,0.0,1.0,0.0,1.0,PASS,
healthy_child_20kg,insulin_effective_potassium_shift_mmol_L_h,Step4 integrated airway/pharmacology/monitoring modules,modifier,0.0,0.0,0.0,0.0,20.0,0.0,5.0,PASS,
healthy_child_20kg,ketamine_hemodynamic_support_signal,Step4 integrated airway/pharmacology/monitoring modules,mod,0.0,0.0,0.0,0.0,1.0,0.0,1.0,PASS,
healthy_child_20kg,laryngospasm_score,Step4 integrated airway/pharmacology/monitoring modules,score,0.0,0.0,0.0,0.0,1.0,0.0,1.0,PASS,
healthy_child_20kg,mask_leak_fraction,Step4 integrated airway/pharmacology/monitoring modules,fraction,0.28,0.28,0.28,0.0,1.0,0.0,1.0,PASS,
healthy_child_20kg,mouth_leak_fraction,Step4 integrated airway/pharmacology/monitoring modules,fraction,0.25,0.25,0.25,0.0,1.0,0.0,1.0,PASS,
healthy_child_20kg,sedative_drive_depression_signal,Step4 integrated airway/pharmacology/monitoring modules,signal,0.0,0.0,0.0,0.0,1.0,0.0,1.0,PASS,
healthy_child_20kg,steroid_delayed_effect_signal,Step4 integrated airway/pharmacology/monitoring modules,signal,0.0,0.0,0.0,0.0,1.0,0.0,1.0,PASS,
healthy_child_20kg,tube_VdVt_add,Step4 integrated airway/pharmacology/monitoring modules,modifier,0.03306889377032104,0.039550712719921485,0.03306889377032104,0.0,1.0,0.0,0.5,PASS,
healthy_child_20kg,tube_obstruction_score,Step4 integrated airway/pharmacology/monitoring modules,score,0.0,0.0,0.0,0.0,1.0,0.0,1.0,PASS,
healthy_child_20kg,upper_airway_obstruction_score,Step4 integrated airway/pharmacology/monitoring modules,score,0.0,0.0,0.0,0.0,1.0,0.0,1.0,PASS,
healthy_child_20kg,vasoactive_CO_mod,Step4 integrated airway/pharmacology/monitoring modules,mod,1.0,1.0,1.0,0.1,5.0,0.5,3.0,PASS,
healthy_child_20kg,vasoactive_SVR_mod,Step4 integrated airway/pharmacology/monitoring modules,mod,1.0,1.0,1.0,0.1,5.0,0.5,3.0,PASS,
ards_mild,ADH_water_retention_index,EndocrineStressAxisModule,index,0.0,0.7051656427669768,0.7051656427669768,0.0,1.0,0.0,1.0,PASS,
ards_mild,AKI_index,AKICRRTModule/FluidBalanceModule,index,0.0,0.004690577029153764,0.004690577029153764,0.0,1.0,0.0,1.0,PASS,
ards_mild,CRP_proxy,InfectionAntimicrobialBasicModule,proxy,0.0,0.003284728028032585,0.003284728028032585,0.0,500.0,0.0,300.0,PASS,
ards_mild,CRRT_UF_mL_h_effective,AKICRRTModule/FluidBalanceModule,effect_index,0.0,0.0,0.0,0.0,1000.0,0.0,250.0,PASS,
ards_mild,CRRT_active_effective,AKICRRTModule/FluidBalanceModule,effect_index,0.0,0.0,0.0,0.0,1.0,0.0,1.0,PASS,
ards_mild,CRRT_clearance_mod,AKICRRTModule/FluidBalanceModule,modifier,0.0,0.0,0.0,0.0,5.0,0.0,2.5,PASS,
ards_mild,GCS_proxy,NeuroFunctionalModule/ICPModule,proxy,14.838722595401453,15.0,14.838722595401453,3.0,15.0,3.0,15.0,PASS,
ards_mild,HFOV_power_proxy,VentilatorModule,proxy,0.0,0.0,0.0,0.0,200.0,0.0,100.0,PASS,
ards_mild,ICP_alert,NeuroFunctionalModule/ICPModule,alert_flag,0.0,0.0,0.0,0.0,1.0,0.0,1.0,PASS,
ards_mild,LDH_index,HematologyOxygenTransportModule,index,0.0,0.21383024994393585,0.20193453357179675,0.0,1.0,0.0,1.0,PASS,
ards_mild,M6G_accumulation_proxy,Pharmacology/PainStressSedationModules,proxy,0.0,0.0,0.0,-1000.0,1000.0,-100.0,100.0,PASS,
ards_mild,RASS_proxy,NeuroFunctionalModule/ICPModule,proxy,0.0,1.8173989753220083,1.777381646427105,-5.0,4.0,-5.0,4.0,PASS,
ards_mild,RRT_indication_score,AKICRRTModule/FluidBalanceModule,score,0.0,0.25108140042666854,0.21797294818051452,0.0,1.0,0.0,1.0,PASS,
ards_mild,RV_afterload_index,HeartLung/RespiratoryMechanicsModule,index,0.0,0.18983217941603597,0.18983217941603597,0.0,1.0,0.0,1.0,PASS,
ards_mild,VCO2_mod,NutritionCatabolismModule,modifier,1.0,1.0,1.0,0.0,5.0,0.0,2.5,PASS,
ards_mild,VILI_risk,HeartLung/RespiratoryMechanicsModule,risk_index,0.0,0.039808683834054025,0.039808683834054025,0.0,1.0,0.0,1.0,PASS,
ards_mild,adrenal_insufficiency_index,EndocrineStressAxisModule,index,0.0,0.2759974454733138,0.24524512776594065,0.0,1.0,0.0,1.0,PASS,
ards_mild,air_trapping_index,AirwayObstructionModule,index,0.0,0.0,0.0,0.0,1.0,0.0,1.0,PASS,
ards_mild,airway_VdVt_add,AirwayObstructionModule,additive_modifier,0.0,0.0,0.0,-150.0,150.0,-50.0,50.0,PASS,
ards_mild,airway_obstruction_index,AirwayObstructionModule,index,0.0,0.0,0.0,0.0,1.0,0.0,1.0,PASS,
ards_mild,airway_resistance_mod,AirwayObstructionModule,modifier,1.21,1.21,1.21,0.0,5.0,0.0,2.5,PASS,
ards_mild,airway_shunt_add,AirwayObstructionModule,additive_modifier,0.0,0.0,0.0,-150.0,150.0,-50.0,50.0,PASS,
ards_mild,analgesia_score,PainStressSedationModule,score,0.0,0.0,0.0,0.0,1.0,0.0,1.0,PASS,
ards_mild,anemia_severity_index,HematologyOxygenTransportModule,index,0.0,0.0,0.0,0.0,1.0,0.0,1.0,PASS,
ards_mild,antibiotic_delay_harm_index,InfectionAntimicrobialBasicModule,index,0.0,0.0,0.0,0.0,1.0,0.0,1.0,PASS,
ards_mild,antibiotic_effect,InfectionAntimicrobialBasicModule,effect_index,0.0,0.0,0.0,0.0,1.0,0.0,1.0,PASS,
ards_mild,antimicrobial_deescalation_readiness,InfectionAntimicrobialBasicModule,index,0.0,0.0,0.0,0.0,1.0,0.0,1.0,PASS,
ards_mild,antimicrobial_escalation_score,InfectionAntimicrobialBasicModule,score,0.0,0.0,0.0,0.0,1.0,0.0,1.0,PASS,
ards_mild,antipyretic_effect,ThermoregulationModule,effect_index,0.0,0.0,0.0,0.0,1.0,0.0,1.0,PASS,
ards_mild,atelectrauma_index,HeartLung/RespiratoryMechanicsModule,index,0.0,0.08141689157454676,0.0788975762207961,0.0,1.0,0.0,1.0,PASS,
ards_mild,bleeding_risk_index,HematologyOxygenTransportModule,risk_index,0.0,0.007388621462298128,0.007388621462298128,0.0,1.0,0.0,1.0,PASS,
ards_mild,bronchodilator_effect,AirwayObstructionModule,effect_index,0.0,0.0,0.0,0.0,1.0,0.0,1.0,PASS,
ards_mild,bronchospasm_index,AirwayObstructionModule,index,0.0,0.0,0.0,0.0,1.0,0.0,1.0,PASS,
ards_mild,capillary_leak_index,HeartLung/RespiratoryMechanicsModule,index,0.0,0.17495023430417758,0.1612555726120506,0.0,1.0,0.0,1.0,PASS,
ards_mild,catabolism_index,NutritionCatabolismModule,index,0.0,0.19844566269278419,0.19194467782156555,0.0,1.0,0.0,1.0,PASS,
ards_mild,catecholamine_tone,EndocrineStressAxisModule,drive_or_tone,0.18,0.5975394529409831,0.5975394529409831,0.0,3.0,0.0,2.0,PASS,
ards_mild,cerebral_metabolic_rate_mod,NeuroFunctionalModule/ICPModule,modifier,1.0,1.0004441448130001,1.0003828499960685,0.0,5.0,0.0,2.5,PASS,
ards_mild,cholestasis_index,HepaticMetabolismModule,index,0.0,0.09108415143117848,0.05647230475731521,0.0,1.0,0.0,1.0,PASS,
ards_mild,clonidine_bradycardia_risk,Pharmacology/PainStressSedationModules,risk_index,0.0,0.0,0.0,0.0,1.0,0.0,1.0,PASS,
ards_mild,clonidine_hypotension_risk,Pharmacology/PainStressSedationModules,risk_index,0.0,0.0,0.0,0.0,1.0,0.0,1.0,PASS,
ards_mild,clonidine_withdrawal_mod,Neurofunctional/PainStressSedationModules,modifier,0.0,0.0,0.0,0.0,5.0,0.0,2.5,PASS,
ards_mild,coag_score,CoagulationModule,score,0.0,0.0,0.0,0.0,10.0,0.0,5.0,PASS,
ards_mild,consciousness_index,NeuroFunctionalModule/ICPModule,index,0.0,0.013439783716545564,0.013439783716545564,0.0,1.0,0.0,1.0,PASS,
ards_mild,cooling_effect,ThermoregulationModule,effect_index,0.0,0.0,0.0,0.0,1.0,0.0,1.0,PASS,
ards_mild,critical_illness_steroid_need_index,EndocrineStressAxisModule,index,0.0,0.3317960889785316,0.3291912151793972,0.0,1.0,0.0,1.0,PASS,
ards_mild,cycling_frac,VentilatorModule,setting_fraction,0.25,0.25,0.25,0.0,1.0,0.0,1.0,PASS,
ards_mild,cytokine_drive,AdvancedSepsisModule,drive_or_tone,0.0,0.04432765821052395,0.04432765821052395,0.0,3.0,0.0,2.0,PASS,
ards_mild,delirium_risk,PainStressSedationModule,risk_index,0.05,0.22214614115410225,0.14791771945979698,0.0,1.0,0.0,1.0,PASS,
ards_mild,delirium_state_index,NeuroFunctionalModule/ICPModule,index,0.0,0.39984151939901674,0.38395267287107354,0.0,1.0,0.0,1.0,PASS,
ards_mild,diuretic_effect,AKICRRTModule/FluidBalanceModule,effect_index,0.0,0.0,0.0,0.0,1.0,0.0,1.0,PASS,
ards_mild,diuretic_response_index,AKICRRTModule/FluidBalanceModule,index,0.0,0.0,0.0,0.0,1.0,0.0,1.0,PASS,
ards_mild,drive_level,RespiratoryMechanics/ChemoreflexModule,drive_or_tone,1.0,2.313561141186954,2.313561141186954,0.0,3.0,0.0,2.0,REVIEW,
ards_mild,drug_HR_mod,PKPDModule,modifier,1.0,1.0,1.0,0.0,5.0,0.0,2.5,PASS,
ards_mild,drug_MAP_mod,PKPDModule,modifier,1.0,1.0,1.0,0.0,5.0,0.0,2.5,PASS,
ards_mild,drug_NMB_frac,PKPDModule,index,0.0,0.0,0.0,0.0,1.0,0.0,1.0,PASS,
ards_mild,drug_SVR_mod,PKPDModule,modifier,1.0,1.0,1.0,0.0,5.0,0.0,2.5,PASS,
ards_mild,drug_drive_mod,PKPDModule,modifier,1.0,1.0,1.0,0.0,5.0,0.0,2.5,PASS,
ards_mild,drug_inotropy_mod,PharmacologyModule,modifier,1.0,1.0,1.0,0.0,5.0,0.0,2.5,PASS,
ards_mild,encephalopathy_index,NeuroFunctionalModule/ICPModule,index,0.0,0.031199269175709643,0.031199269175709643,0.0,1.0,0.0,1.0,PASS,
ards_mild,endocrine_GFR_mod,EndocrineStressAxisModule,modifier,0.7243726485327098,1.0,0.7266818576789927,0.0,5.0,0.0,2.5,PASS,
ards_mild,endocrine_HR_add,EndocrineStressAxisModule,additive_modifier,0.0,13.145867964701628,13.145867964701628,-150.0,150.0,-50.0,50.0,PASS,
ards_mild,endocrine_SVR_mod,EndocrineStressAxisModule,modifier,1.0,1.0732815475462436,1.0732815475462436,0.0,5.0,0.0,2.5,PASS,
ards_mild,endocrine_VO2_mod,EndocrineStressAxisModule,modifier,1.0,1.117904458083381,1.117904458083381,0.0,5.0,0.0,2.5,PASS,
ards_mild,endocrine_glucose_prod_mod,EndocrineStressAxisModule,modifier,1.0,1.42056189026539,1.42056189026539,0.0,5.0,0.0,2.5,PASS,
ards_mild,endocrine_lactate_mod,EndocrineStressAxisModule,modifier,1.0,1.2712619716597415,1.2712619716597415,0.0,5.0,0.0,2.5,PASS,
ards_mild,endocrine_severity_score,EndocrineStressAxisModule,score,0.0,0.25426757380619125,0.25426757380619125,0.0,1.0,0.0,1.0,PASS,
ards_mild,endothelial_leak_index,AdvancedSepsisModule,index,0.0,0.13440085221175344,0.13440085221175344,0.0,1.0,0.0,1.0,PASS,
ards_mild,feeding_intolerance_index,NutritionCatabolismModule,index,0.0,0.4265454032230317,0.4181977324536792,0.0,1.0,0.0,1.0,PASS,
ards_mild,fever_drive,ThermoregulationModule,drive_or_tone,0.0,0.03515451993858479,0.03515451993858479,0.0,3.0,0.0,2.0,PASS,
ards_mild,furosemide_effect_signal,Pharmacology/RenalModules,effect_index,0.0,0.0,0.0,0.0,1.0,0.0,1.0,PASS,
ards_mild,heart_lung_CO_mod,HeartLung/RespiratoryMechanicsModule,modifier,0.6495771595183703,1.0,0.6495771595183703,0.0,5.0,0.0,2.5,PASS,
ards_mild,heat_loss_index,ThermoregulationModule,index,0.0,0.0,0.0,0.0,1.0,0.0,1.0,PASS,
ards_mild,heme_severity_score,HematologyOxygenTransportModule,score,0.0,0.03808819968154342,0.007828443694986949,0.0,1.0,0.0,1.0,PASS,
ards_mild,hemolysis_index,HematologyOxygenTransportModule,index,0.0,0.013116404208037476,0.013116404208037476,0.0,1.0,0.0,1.0,PASS,
ards_mild,hepatic_drug_clearance_mod,HepaticMetabolismModule,modifier,0.5807027901035131,1.0,0.7511078452983337,0.0,5.0,0.0,2.5,PASS,
ards_mild,hepatic_encephalopathy_index,HepaticMetabolismModule,index,0.0,0.0,0.0,0.0,1.0,0.0,1.0,PASS,
ards_mild,hepatic_fluid_leak_mod,HepaticMetabolismModule,modifier,1.0,1.0453758510485354,1.0367634447577763,0.0,5.0,0.0,2.5,PASS,
ards_mild,hepatic_hypoxic_injury_index,HepaticMetabolismModule,index,0.0,0.6851756023105053,0.40542055479692163,0.0,1.0,0.0,1.0,PASS,
ards_mild,hepatic_lactate_clearance_mod,HepaticMetabolismModule,modifier,0.5661236007559022,1.0,0.7426295909325182,0.0,5.0,0.0,2.5,PASS,
ards_mild,hepatic_perfusion_index,HepaticMetabolismModule,index,0.2863396157396097,1.0,0.5847221529555124,0.0,2.0,0.3,1.5,REVIEW,
ards_mild,hepatic_severity_score,HepaticMetabolismModule,score,0.0,0.26006636161344654,0.15820824759586882,0.0,1.0,0.0,1.0,PASS,
ards_mild,hepatocellular_injury_index,HepaticMetabolismModule,index,0.0,0.5180416487783176,0.30847052039599737,0.0,1.0,0.0,1.0,PASS,
ards_mild,hyperchloremia_index,AcidBaseElectrolyteModule,index,0.0,0.0,0.0,0.0,1.0,0.0,1.0,PASS,
ards_mild,hyperkalemia_index,AcidBaseElectrolyteModule,index,0.0,0.0,0.0,0.0,1.0,0.0,1.0,PASS,
ards_mild,hyperthermia_index,ThermoregulationModule,index,0.0,0.0,0.0,0.0,1.0,0.0,1.0,PASS,
ards_mild,hypokalemia_index,AcidBaseElectrolyteModule,index,0.0,0.0,0.0,0.0,1.0,0.0,1.0,PASS,
ards_mild,hypothermia_index,ThermoregulationModule,index,0.0,0.0,0.0,0.0,1.0,0.0,1.0,PASS,
ards_mild,hypoxic_ischemic_neuro_index,NeuroFunctionalModule/ICPModule,index,0.0,0.0863263441248379,0.07681237836647294,0.0,1.0,0.0,1.0,PASS,
ards_mild,inadequate_coverage_index,InfectionAntimicrobialBasicModule,index,0.0,0.0,0.0,0.0,1.0,0.0,1.0,PASS,
ards_mild,infection_fever_drive,InfectionAntimicrobialBasicModule,drive_or_tone,0.0,0.0006569456056065171,0.0006569456056065171,0.0,3.0,0.0,2.0,PASS,
ards_mild,infection_lactate_mod,InfectionAntimicrobialBasicModule,modifier,1.0,1.0,1.0,0.0,5.0,0.0,2.5,PASS,
ards_mild,infection_severity_score,InfectionAntimicrobialBasicModule,score,0.0,0.0,0.0,0.0,1.0,0.0,1.0,PASS,
ards_mild,ino_PVR_mod,INOModule,modifier,1.0,1.0,1.0,0.0,5.0,0.0,2.5,PASS,
ards_mild,ino_Qs_Qt_mod,INOModule,modifier,1.0,1.0,1.0,0.0,5.0,0.0,2.5,PASS,
ards_mild,insulin_effect_revision,Pharmacology/GlucoseModules,schema_marker,319.0,319.0,319.0,0.0,999.0,0.0,999.0,PASS,
ards_mild,insulin_effective_clearance_mmol_L_h,Pharmacology/GlucoseModules,effect_index,0.0,0.0,0.0,0.0,50.0,0.0,10.0,PASS,
ards_mild,insulin_hypoglycemia_risk,Pharmacology/GlucoseModules,risk_index,0.0,0.0,0.0,0.0,1.0,0.0,1.0,PASS,
ards_mild,insulin_resistance_index,EndocrineStressAxisModule,index,0.0,0.19275622390272573,0.19275622390272573,0.0,1.0,0.0,1.0,PASS,
ards_mild,insulin_sensitivity_mod,EndocrineStressAxisModule,modifier,0.88049114118031,1.0,0.88049114118031,0.0,5.0,0.0,2.5,PASS,
ards_mild,liver_SOFA_proxy,HepaticMetabolismModule,proxy,0.0,0.0,0.0,0.0,4.0,0.0,4.0,PASS,
ards_mild,malnutrition_index,NutritionCatabolismModule,index,0.0,0.0,0.0,0.0,1.0,0.0,1.0,PASS,
ards_mild,marrow_suppression_index,HematologyOxygenTransportModule,index,0.0,0.004783411911629977,0.004617560538341407,0.0,1.0,0.0,1.0,PASS,
ards_mild,metabolic_acidosis_index,AcidBaseElectrolyteModule,index,0.1125,0.12322946685027224,0.12322946685027224,0.0,1.0,0.0,1.0,PASS,
ards_mild,metabolic_encephalopathy_index,NeuroFunctionalModule/ICPModule,index,0.0,0.04604071686658021,0.030696953322883355,0.0,1.0,0.0,1.0,PASS,
ards_mild,microbial_burden,InfectionAntimicrobialBasicModule,index,0.0,0.0,0.0,0.0,1.0,0.0,1.0,PASS,
ards_mild,microcirculatory_failure_index,AdvancedSepsisModule,index,0.0,0.12251787564615457,0.09048712130537943,0.0,1.0,0.0,1.0,PASS,
ards_mild,morphine_renal_accumulation_risk,AKICRRTModule,risk_index,0.0,0.0,0.0,0.0,1.0,0.0,1.0,PASS,
ards_mild,myocardial_depression_index,AdvancedSepsisModule,index,0.0,0.024380212015788175,0.024380212015788175,0.0,1.0,0.0,1.0,PASS,
ards_mild,neuro_HR_add,NeuroFunctionalModule/ICPModule,additive_modifier,0.0,3.0689911639928984,3.0102556937093836,-150.0,150.0,-50.0,50.0,PASS,
ards_mild,neuro_alert,NeuroFunctionalModule/ICPModule,alert_flag,0.0,0.0,0.0,0.0,1.0,0.0,1.0,PASS,
ards_mild,neuro_resp_drive_mod,NeuroFunctionalModule/ICPModule,modifier,0.8838694361142952,1.0,0.9256100808443521,0.0,5.0,0.0,2.5,PASS,
ards_mild,neuro_severity_score,NeuroFunctionalModule/ICPModule,score,0.0,0.07389896079173107,0.07251961079198335,0.0,1.0,0.0,1.0,PASS,
ards_mild,neuro_sympathetic_mod,NeuroFunctionalModule/ICPModule,modifier,1.0,1.175779342868036,1.1732096646356527,0.0,5.0,0.0,2.5,PASS,
ards_mild,nitrogen_balance_proxy,NutritionCatabolismModule,proxy,-3.0020313447402907,0.0,-2.977067562834811,-50.0,50.0,-20.0,20.0,PASS,
ards_mild,nutrition_albumin_mod,NutritionCatabolismModule,modifier,0.898001041495297,1.0,0.8996658560884581,0.0,5.0,0.0,2.5,PASS,
ards_mild,nutrition_severity_score,NutritionCatabolismModule,score,0.0,0.48024320626667555,0.47805489943030893,0.0,1.0,0.0,1.0,PASS,
ards_mild,oncotic_pressure_proxy,HepaticMetabolismModule,proxy,0.9496769587367833,1.0,0.9496769587367833,0.0,3.0,0.3,2.0,PASS,
ards_mild,overdistension_index,HeartLung/RespiratoryMechanicsModule,index,0.0,0.0,0.0,0.0,1.0,0.0,1.0,PASS,
ards_mild,pain_score,PainStressSedationModule,score,2.0,10.0,10.0,0.0,10.0,0.0,10.0,PASS,
ards_mild,pathogen_resistance_index,InfectionAntimicrobialBasicModule,index,0.15,0.15,0.15,0.0,1.0,0.0,1.0,PASS,
ards_mild,piperacillin_coverage_mod,Pharmacology/InfectionModules,modifier,0.0,0.0,0.0,0.0,1.0,0.0,1.0,PASS,
ards_mild,piperacillin_target_attainment,Pharmacology/InfectionModules,index,0.0,0.0,0.0,0.0,1.0,0.0,1.0,PASS,
ards_mild,platelet_function_index,HematologyOxygenTransportModule,index,0.9507425235846791,1.0,0.9507425235846791,0.0,1.0,0.0,1.0,PASS,
ards_mild,procalcitonin_proxy,InfectionAntimicrobialBasicModule,proxy,0.0,0.0,0.0,0.0,1000.0,0.0,100.0,PASS,
ards_mild,recruited_frac,RespiratoryMechanics/ChemoreflexModule,index,0.6156808704640673,0.7230267549065404,0.7230267549065404,0.0,1.0,0.0,1.0,PASS,
ards_mild,refeeding_risk_index,NutritionCatabolismModule,risk_index,0.0,0.05,0.05,0.0,1.0,0.0,1.0,PASS,
ards_mild,renal_severity_score,AKICRRTModule/FluidBalanceModule,score,0.0,0.48888467683617276,0.48888467683617276,0.0,1.0,0.0,1.0,PASS,
ards_mild,respiratory_acidosis_index,AcidBaseElectrolyteModule,index,0.0,1.0,0.8541009164409802,0.0,1.0,0.0,1.0,PASS,
ards_mild,sed_HR_mod,PainStressSedationModule,modifier,1.0,1.55,1.55,0.0,5.0,0.0,2.5,PASS,
ards_mild,sed_SVR_mod,PainStressSedationModule,modifier,1.0,1.3,1.3,0.0,5.0,0.0,2.5,PASS,
ards_mild,sed_VO2_mod,PainStressSedationModule,modifier,1.0,1.3,1.3,0.0,5.0,0.0,2.5,PASS,
ards_mild,sed_resp_mod,PainStressSedationModule,modifier,1.0,1.0,1.0,0.0,5.0,0.0,2.5,PASS,
ards_mild,sedation_score,PainStressSedationModule,score,0.0,0.0,0.0,0.0,1.0,0.0,1.0,PASS,
ards_mild,seizure_risk_index,NeuroFunctionalModule/ICPModule,risk_index,0.0,0.002960965420000448,0.0025523333071231008,0.0,1.0,0.0,1.0,PASS,
ards_mild,seizure_treatment_effect,NeuroFunctionalModule/ICPModule,effect_index,0.0,0.0,0.0,0.0,1.0,0.0,1.0,PASS,
ards_mild,sepsis_CO_mod,AdvancedSepsisModule,modifier,0.9890289045928953,1.0,0.9890289045928953,0.0,5.0,0.0,2.5,PASS,
ards_mild,sepsis_GFR_mod,AdvancedSepsisModule,modifier,0.8316829231428823,1.0,0.8316829231428823,0.0,5.0,0.0,2.5,PASS,
ards_mild,sepsis_HR_add,AdvancedSepsisModule,additive_modifier,0.0,13.62802234233686,13.62802234233686,-150.0,150.0,-50.0,50.0,PASS,
ards_mild,sepsis_SVR_mod,AdvancedSepsisModule,modifier,0.9821359537411588,1.0,0.9821359537411588,0.0,5.0,0.0,2.5,PASS,
ards_mild,sepsis_VO2_mod,AdvancedSepsisModule,modifier,1.0,1.0280388557841453,1.0229887456075109,0.0,5.0,0.0,2.5,PASS,
ards_mild,sepsis_coag_mod,AdvancedSepsisModule,modifier,1.0,1.1836961365285976,1.1614113744422179,0.0,5.0,0.0,2.5,PASS,
ards_mild,sepsis_lactate_prod_mod,AdvancedSepsisModule,modifier,1.0,1.4205637165322529,1.4205637165322529,0.0,5.0,0.0,2.5,PASS,
ards_mild,sepsis_severity_score,AdvancedSepsisModule,score,0.0,0.031889412744199847,0.030783736922276046,0.0,1.0,0.0,1.0,PASS,
ards_mild,septic_encephalopathy_index,NeuroFunctionalModule/ICPModule,index,0.0,0.03244573568093521,0.03244573568093521,0.0,1.0,0.0,1.0,PASS,
ards_mild,shivering_index,ThermoregulationModule,index,0.0,0.0,0.0,0.0,1.0,0.0,1.0,PASS,
ards_mild,source_control_need_index,InfectionAntimicrobialBasicModule,index,0.0,0.0,0.0,0.0,1.0,0.0,1.0,PASS,
ards_mild,steroid_ICP_mod,SteroidsModule,modifier,1.0,1.0,1.0,0.0,5.0,0.0,2.5,PASS,
ards_mild,steroid_SIRS_mod,SteroidsModule,modifier,1.0,1.0,1.0,0.0,5.0,0.0,2.5,PASS,
ards_mild,steroid_SVR_mod,SteroidsModule,modifier,1.0,1.0,1.0,0.0,5.0,0.0,2.5,PASS,
ards_mild,steroid_glucose_add,SteroidsModule,additive_modifier,0.0,0.0,0.0,-150.0,150.0,-50.0,50.0,PASS,
ards_mild,stress_hyperglycemia_index,PainStressSedationModule,index,0.0,0.0,0.0,0.0,1.0,0.0,1.0,PASS,
ards_mild,stress_index,PainStressSedationModule,index,0.1,1.0,1.0,0.0,1.0,0.0,1.0,PASS,
ards_mild,sympathetic_tone,PainStressSedationModule,drive_or_tone,1.0,1.55,1.55,0.0,3.0,0.0,2.0,PASS,
ards_mild,temperature_instability_score,ThermoregulationModule,score,0.0,0.010546355981575436,0.010546355981575436,0.0,1.0,0.0,1.0,PASS,
ards_mild,thermo_HR_add,ThermoregulationModule,additive_modifier,0.0,8.90678402628464,6.016300716310127,-150.0,150.0,-50.0,50.0,PASS,
ards_mild,thermo_VO2_mod,ThermoregulationModule,modifier,1.0,1.091750905498049,1.0610881702619044,0.0,5.0,0.0,2.5,PASS,
ards_mild,thermo_coag_mod,ThermoregulationModule,modifier,1.0,1.0,1.0,0.0,5.0,0.0,2.5,PASS,
ards_mild,thermo_lactate_mod,ThermoregulationModule,modifier,1.0,1.0,1.0,0.0,5.0,0.0,2.5,PASS,
ards_mild,thrombosis_risk_index,HematologyOxygenTransportModule,risk_index,0.0,0.0,0.0,0.0,1.0,0.0,1.0,PASS,
ards_mild,thyroid_suppression_index,EndocrineStressAxisModule,index,0.0,0.009731023974587283,0.009731023974587283,0.0,1.0,0.0,1.0,PASS,
ards_mild,transfusion_trigger_score,HematologyOxygenTransportModule,score,0.0,0.0,0.0,0.0,1.0,0.0,1.0,PASS,
ards_mild,vancomycin_coverage_mod,Pharmacology/InfectionModules,modifier,0.0,0.0,0.0,0.0,1.0,0.0,1.0,PASS,
ards_mild,vancomycin_target_attainment,Pharmacology/InfectionModules,index,0.0,0.0,0.0,0.0,1.0,0.0,1.0,PASS,
ards_mild,vasoplegia_index,AdvancedSepsisModule,index,0.0,0.02881297783684057,0.02881297783684057,0.0,1.0,0.0,1.0,PASS,
ards_mild,venous_return_mod,HeartLung/RespiratoryMechanicsModule,modifier,0.6819407334334298,1.0,0.6819407334334298,0.0,5.0,0.0,2.5,PASS,
ards_mild,vq_deadspace_frac,RespiratoryGasExchangeModule,fraction,0.3,0.3938443540099007,0.3860073962680308,0.0,1.0,0.0,1.0,PASS,
ards_mild,vq_exchange_frac,RespiratoryGasExchangeModule,fraction,0.6131898501057065,0.9,0.6232845394017247,0.0,1.0,0.0,1.0,PASS,
ards_mild,vq_high_vq_burden,RespiratoryGasExchangeModule,burden_index,0.0,0.21774433273103536,0.21774433273103536,0.0,1.0,0.0,1.0,PASS,
ards_mild,vq_low_vq_burden,RespiratoryGasExchangeModule,burden_index,0.0,0.21774433273103538,0.21774433273103538,0.0,1.0,0.0,1.0,PASS,
ards_mild,vq_shunt_frac,RespiratoryGasExchangeModule,fraction,0.1,0.3868101498942935,0.3767154605982753,0.0,1.0,0.0,1.0,PASS,
ards_mild,warming_effect,ThermoregulationModule,effect_index,0.0,0.0,0.0,0.0,1.0,0.0,1.0,PASS,
ards_mild,withdrawal_risk,PainStressSedationModule,risk_index,0.0,0.0,0.0,0.0,1.0,0.0,1.0,PASS,
ards_mild,withdrawal_state_index,NeuroFunctionalModule/ICPModule,index,0.0,0.349846650396237,0.349846650396237,0.0,1.0,0.0,1.0,PASS,
ards_mild,vq_adaptive_sigma,GasExchangeModule,dispersion_proxy,0.35,0.7270907228438073,0.7003721598833142,0.0,2.0,0.2,1.8,PASS,
ards_mild,vq_ards_weight,GasExchangeModule,index,0.0,0.3452362157670507,0.31851923185747844,0.0,1.0,0.0,1.0,PASS,
ards_mild,vq_obstruction_weight,GasExchangeModule,index,0.0,0.0,0.0,0.0,1.0,0.0,1.0,PASS,
ards_mild,vq_shock_weight,GasExchangeModule,index,0.0,0.014350235734889931,0.013852681615024221,0.0,1.0,0.0,1.0,PASS,
ards_mild,vq_neonatal_weight,GasExchangeModule,index,0.0,0.0,0.0,0.0,1.0,0.0,1.0,PASS,
ards_mild,ETT_failure_risk,Step4 integrated airway/pharmacology/monitoring modules,risk,0.0,0.0,0.0,0.0,1.0,0.0,1.0,PASS,
ards_mild,ETT_position_score,Step4 integrated airway/pharmacology/monitoring modules,score,1.0,1.0,1.0,0.0,1.0,0.0,1.0,PASS,
ards_mild,EtCO2_proxy,Step4 integrated airway/pharmacology/monitoring modules,proxy,35.0,75.25070072530502,65.648039852782,0.0,150.0,15.0,80.0,PASS,
ards_mild,HFNC_failure_risk,Step4 integrated airway/pharmacology/monitoring modules,risk,0.0,0.0,0.0,0.0,1.0,0.0,1.0,PASS,
ards_mild,NIV_failure_risk,Step4 integrated airway/pharmacology/monitoring modules,risk,0.0,0.0,0.0,0.0,1.0,0.0,1.0,PASS,
ards_mild,NIV_leak_fraction,Step4 integrated airway/pharmacology/monitoring modules,fraction,0.28,0.28,0.28,0.0,1.0,0.0,1.0,PASS,
ards_mild,airway_event_hypoxia_burden,Step4 integrated airway/pharmacology/monitoring modules,burden,0.0,0.0,0.0,0.0,1.0,0.0,1.0,PASS,
ards_mild,airway_protection_score,Step4 integrated airway/pharmacology/monitoring modules,score,1.0,1.0,1.0,0.0,1.0,0.0,1.0,PASS,
ards_mild,aspiration_risk,Step4 integrated airway/pharmacology/monitoring modules,risk,0.0,0.0,0.0,0.0,1.0,0.0,1.0,PASS,
ards_mild,bronchodilator_HR_mod,Step4 integrated airway/pharmacology/monitoring modules,mod,1.0,1.0,1.0,0.5,2.0,0.8,1.4,PASS,
ards_mild,cuff_leak_fraction,Step4 integrated airway/pharmacology/monitoring modules,fraction,0.0,0.0,0.0,0.0,1.0,0.0,1.0,PASS,
ards_mild,dexmedetomidine_bradycardia_risk,Step4 integrated airway/pharmacology/monitoring modules,risk,0.0,0.0,0.0,0.0,1.0,0.0,1.0,PASS,
ards_mild,dexmedetomidine_hypotension_risk,Step4 integrated airway/pharmacology/monitoring modules,risk,0.0,0.0,0.0,0.0,1.0,0.0,1.0,PASS,
ards_mild,diuretic_hypovolemia_risk,Step4 integrated airway/pharmacology/monitoring modules,risk,0.0,0.0,0.0,0.0,1.0,0.0,1.0,PASS,
ards_mild,effective_external_PEEP_cmH2O,Step4 integrated airway/pharmacology/monitoring modules,modifier,5.0,10.0,10.0,0.0,60.0,0.0,25.0,PASS,
ards_mild,furosemide_effective_diuretic_signal,Step4 integrated airway/pharmacology/monitoring modules,signal,0.0,0.0,0.0,0.0,1.0,0.0,1.0,PASS,
ards_mild,ino_rebound_risk_signal,Step4 integrated airway/pharmacology/monitoring modules,risk,0.0,0.0,0.0,0.0,1.0,0.0,1.0,PASS,
ards_mild,insulin_effective_potassium_shift_mmol_L_h,Step4 integrated airway/pharmacology/monitoring modules,modifier,0.0,0.0,0.0,0.0,20.0,0.0,5.0,PASS,
ards_mild,ketamine_hemodynamic_support_signal,Step4 integrated airway/pharmacology/monitoring modules,mod,0.0,0.0,0.0,0.0,1.0,0.0,1.0,PASS,
ards_mild,laryngospasm_score,Step4 integrated airway/pharmacology/monitoring modules,score,0.0,0.0,0.0,0.0,1.0,0.0,1.0,PASS,
ards_mild,mask_leak_fraction,Step4 integrated airway/pharmacology/monitoring modules,fraction,0.28,0.28,0.28,0.0,1.0,0.0,1.0,PASS,
ards_mild,mouth_leak_fraction,Step4 integrated airway/pharmacology/monitoring modules,fraction,0.25,0.25,0.25,0.0,1.0,0.0,1.0,PASS,
ards_mild,sedative_drive_depression_signal,Step4 integrated airway/pharmacology/monitoring modules,signal,0.0,0.0,0.0,0.0,1.0,0.0,1.0,PASS,
ards_mild,steroid_delayed_effect_signal,Step4 integrated airway/pharmacology/monitoring modules,signal,0.0,0.0,0.0,0.0,1.0,0.0,1.0,PASS,
ards_mild,tube_VdVt_add,Step4 integrated airway/pharmacology/monitoring modules,modifier,0.039550712719921485,0.045551460472471626,0.040860516156175856,0.0,1.0,0.0,0.5,PASS,
ards_mild,tube_obstruction_score,Step4 integrated airway/pharmacology/monitoring modules,score,0.0,0.0,0.0,0.0,1.0,0.0,1.0,PASS,
ards_mild,upper_airway_obstruction_score,Step4 integrated airway/pharmacology/monitoring modules,score,0.0,0.0,0.0,0.0,1.0,0.0,1.0,PASS,
ards_mild,vasoactive_CO_mod,Step4 integrated airway/pharmacology/monitoring modules,mod,1.0,1.0,1.0,0.1,5.0,0.5,3.0,PASS,
ards_mild,vasoactive_SVR_mod,Step4 integrated airway/pharmacology/monitoring modules,mod,0.9909321597371537,1.0,1.0,0.1,5.0,0.5,3.0,PASS,
picu_insulin_stress_hyperglycemia_v1_16,ADH_water_retention_index,EndocrineStressAxisModule,index,0.0,0.2556693860628038,0.25281992465302877,0.0,1.0,0.0,1.0,PASS,
picu_insulin_stress_hyperglycemia_v1_16,AKI_index,AKICRRTModule/FluidBalanceModule,index,0.0,0.0,0.0,0.0,1.0,0.0,1.0,PASS,
picu_insulin_stress_hyperglycemia_v1_16,CRP_proxy,InfectionAntimicrobialBasicModule,proxy,0.0,0.04990903179952388,0.04990903179952388,0.0,500.0,0.0,300.0,PASS,
picu_insulin_stress_hyperglycemia_v1_16,CRRT_UF_mL_h_effective,AKICRRTModule/FluidBalanceModule,effect_index,0.0,0.0,0.0,0.0,1000.0,0.0,250.0,PASS,
picu_insulin_stress_hyperglycemia_v1_16,CRRT_active_effective,AKICRRTModule/FluidBalanceModule,effect_index,0.0,0.0,0.0,0.0,1.0,0.0,1.0,PASS,
picu_insulin_stress_hyperglycemia_v1_16,CRRT_clearance_mod,AKICRRTModule/FluidBalanceModule,modifier,0.0,0.0,0.0,0.0,5.0,0.0,2.5,PASS,
picu_insulin_stress_hyperglycemia_v1_16,GCS_proxy,NeuroFunctionalModule/ICPModule,proxy,14.64256206742998,15.0,14.643028217913674,3.0,15.0,3.0,15.0,PASS,
picu_insulin_stress_hyperglycemia_v1_16,HFOV_power_proxy,VentilatorModule,proxy,0.0,0.0,0.0,0.0,200.0,0.0,100.0,PASS,
picu_insulin_stress_hyperglycemia_v1_16,ICP_alert,NeuroFunctionalModule/ICPModule,alert_flag,0.0,0.0,0.0,0.0,1.0,0.0,1.0,PASS,
picu_insulin_stress_hyperglycemia_v1_16,LDH_index,HematologyOxygenTransportModule,index,0.0,0.2586171393653403,0.2579519086170376,0.0,1.0,0.0,1.0,PASS,
picu_insulin_stress_hyperglycemia_v1_16,M6G_accumulation_proxy,Pharmacology/PainStressSedationModules,proxy,0.0,0.0,0.0,-1000.0,1000.0,-100.0,100.0,PASS,
picu_insulin_stress_hyperglycemia_v1_16,RASS_proxy,NeuroFunctionalModule/ICPModule,proxy,0.0,2.046307902751672,1.9196132919163178,-5.0,4.0,-5.0,4.0,PASS,
picu_insulin_stress_hyperglycemia_v1_16,RRT_indication_score,AKICRRTModule/FluidBalanceModule,score,0.0,0.20676578685891744,0.1687795407904753,0.0,1.0,0.0,1.0,PASS,
picu_insulin_stress_hyperglycemia_v1_16,RV_afterload_index,HeartLung/RespiratoryMechanicsModule,index,0.0,0.11510800631228511,0.11223641398616943,0.0,1.0,0.0,1.0,PASS,
picu_insulin_stress_hyperglycemia_v1_16,VCO2_mod,NutritionCatabolismModule,modifier,1.0,1.0176470588235293,1.0176470588235293,0.0,5.0,0.0,2.5,PASS,
picu_insulin_stress_hyperglycemia_v1_16,VILI_risk,HeartLung/RespiratoryMechanicsModule,risk_index,0.0,0.09174713352602253,0.09174713352602253,0.0,1.0,0.0,1.0,PASS,
picu_insulin_stress_hyperglycemia_v1_16,adrenal_insufficiency_index,EndocrineStressAxisModule,index,0.0,0.07671614995396658,0.07468785999187477,0.0,1.0,0.0,1.0,PASS,
picu_insulin_stress_hyperglycemia_v1_16,air_trapping_index,AirwayObstructionModule,index,0.0,0.0,0.0,0.0,1.0,0.0,1.0,PASS,
picu_insulin_stress_hyperglycemia_v1_16,airway_VdVt_add,AirwayObstructionModule,additive_modifier,0.0,0.0,0.0,-150.0,150.0,-50.0,50.0,PASS,
picu_insulin_stress_hyperglycemia_v1_16,airway_obstruction_index,AirwayObstructionModule,index,0.0,0.0,0.0,0.0,1.0,0.0,1.0,PASS,
picu_insulin_stress_hyperglycemia_v1_16,airway_resistance_mod,AirwayObstructionModule,modifier,1.21,1.21,1.21,0.0,5.0,0.0,2.5,PASS,
picu_insulin_stress_hyperglycemia_v1_16,airway_shunt_add,AirwayObstructionModule,additive_modifier,0.0,0.0,0.0,-150.0,150.0,-50.0,50.0,PASS,
picu_insulin_stress_hyperglycemia_v1_16,analgesia_score,PainStressSedationModule,score,0.0,0.0,0.0,0.0,1.0,0.0,1.0,PASS,
picu_insulin_stress_hyperglycemia_v1_16,anemia_severity_index,HematologyOxygenTransportModule,index,0.0,0.0,0.0,0.0,1.0,0.0,1.0,PASS,
picu_insulin_stress_hyperglycemia_v1_16,antibiotic_delay_harm_index,InfectionAntimicrobialBasicModule,index,0.0,0.1219076395541237,0.1219076395541237,0.0,1.0,0.0,1.0,PASS,
picu_insulin_stress_hyperglycemia_v1_16,antibiotic_effect,InfectionAntimicrobialBasicModule,effect_index,0.0,0.2,0.0,0.0,1.0,0.0,1.0,PASS,
picu_insulin_stress_hyperglycemia_v1_16,antimicrobial_deescalation_readiness,InfectionAntimicrobialBasicModule,index,0.0,0.0,0.0,0.0,1.0,0.0,1.0,PASS,
picu_insulin_stress_hyperglycemia_v1_16,antimicrobial_escalation_score,InfectionAntimicrobialBasicModule,score,0.0,0.18155835899912948,0.18155835899912948,0.0,1.0,0.0,1.0,PASS,
picu_insulin_stress_hyperglycemia_v1_16,antipyretic_effect,ThermoregulationModule,effect_index,0.0,0.0,0.0,0.0,1.0,0.0,1.0,PASS,
picu_insulin_stress_hyperglycemia_v1_16,atelectrauma_index,HeartLung/RespiratoryMechanicsModule,index,0.0,0.08943865150239483,0.0885273435994264,0.0,1.0,0.0,1.0,PASS,
picu_insulin_stress_hyperglycemia_v1_16,bleeding_risk_index,HematologyOxygenTransportModule,risk_index,0.0,0.11249999999999999,0.11249999999999999,0.0,1.0,0.0,1.0,PASS,
picu_insulin_stress_hyperglycemia_v1_16,bronchodilator_effect,AirwayObstructionModule,effect_index,0.0,0.0,0.0,0.0,1.0,0.0,1.0,PASS,
picu_insulin_stress_hyperglycemia_v1_16,bronchospasm_index,AirwayObstructionModule,index,0.0,0.0,0.0,0.0,1.0,0.0,1.0,PASS,
picu_insulin_stress_hyperglycemia_v1_16,capillary_leak_index,HeartLung/RespiratoryMechanicsModule,index,0.0,0.20343791085120264,0.1907410608670446,0.0,1.0,0.0,1.0,PASS,
picu_insulin_stress_hyperglycemia_v1_16,catabolism_index,NutritionCatabolismModule,index,0.0,0.31320708588826623,0.31320708588826623,0.0,1.0,0.0,1.0,PASS,
picu_insulin_stress_hyperglycemia_v1_16,catecholamine_tone,EndocrineStressAxisModule,drive_or_tone,0.33533311693619783,0.34398007234989375,0.3364369789658125,0.0,3.0,0.0,2.0,PASS,
picu_insulin_stress_hyperglycemia_v1_16,cerebral_metabolic_rate_mod,NeuroFunctionalModule/ICPModule,modifier,1.0,1.0,1.0,0.0,5.0,0.0,2.5,PASS,
picu_insulin_stress_hyperglycemia_v1_16,cholestasis_index,HepaticMetabolismModule,index,0.0,0.24496554533708334,0.24496554533708334,0.0,1.0,0.0,1.0,PASS,
picu_insulin_stress_hyperglycemia_v1_16,clonidine_bradycardia_risk,Pharmacology/PainStressSedationModules,risk_index,0.0,0.0,0.0,0.0,1.0,0.0,1.0,PASS,
picu_insulin_stress_hyperglycemia_v1_16,clonidine_hypotension_risk,Pharmacology/PainStressSedationModules,risk_index,0.0,0.0,0.0,0.0,1.0,0.0,1.0,PASS,
picu_insulin_stress_hyperglycemia_v1_16,clonidine_withdrawal_mod,Neurofunctional/PainStressSedationModules,modifier,0.0,0.0,0.0,0.0,5.0,0.0,2.5,PASS,
picu_insulin_stress_hyperglycemia_v1_16,coag_score,CoagulationModule,score,0.0,0.0,0.0,0.0,10.0,0.0,5.0,PASS,
picu_insulin_stress_hyperglycemia_v1_16,consciousness_index,NeuroFunctionalModule/ICPModule,index,0.0,0.029786494380835027,0.02974764850719384,0.0,1.0,0.0,1.0,PASS,
picu_insulin_stress_hyperglycemia_v1_16,cooling_effect,ThermoregulationModule,effect_index,0.0,0.0,0.0,0.0,1.0,0.0,1.0,PASS,
picu_insulin_stress_hyperglycemia_v1_16,critical_illness_steroid_need_index,EndocrineStressAxisModule,index,0.0,0.06253782104463321,0.06253782104463321,0.0,1.0,0.0,1.0,PASS,
picu_insulin_stress_hyperglycemia_v1_16,cycling_frac,VentilatorModule,setting_fraction,0.25,0.25,0.25,0.0,1.0,0.0,1.0,PASS,
picu_insulin_stress_hyperglycemia_v1_16,cytokine_drive,AdvancedSepsisModule,drive_or_tone,0.1575,0.270276833760263,0.270276833760263,0.0,3.0,0.0,2.0,PASS,
picu_insulin_stress_hyperglycemia_v1_16,delirium_risk,PainStressSedationModule,risk_index,0.05,0.2726475091247169,0.17642976405624927,0.0,1.0,0.0,1.0,PASS,
picu_insulin_stress_hyperglycemia_v1_16,delirium_state_index,NeuroFunctionalModule/ICPModule,index,0.0,0.5048314985345386,0.46311438695829277,0.0,1.0,0.0,1.0,PASS,
picu_insulin_stress_hyperglycemia_v1_16,diuretic_effect,AKICRRTModule/FluidBalanceModule,effect_index,0.0,0.0,0.0,0.0,1.0,0.0,1.0,PASS,
picu_insulin_stress_hyperglycemia_v1_16,diuretic_response_index,AKICRRTModule/FluidBalanceModule,index,0.0,0.0,0.0,0.0,1.0,0.0,1.0,PASS,
picu_insulin_stress_hyperglycemia_v1_16,drive_level,RespiratoryMechanics/ChemoreflexModule,drive_or_tone,1.0,2.2478849726073573,2.2477481129871317,0.0,3.0,0.0,2.0,REVIEW,
picu_insulin_stress_hyperglycemia_v1_16,drug_HR_mod,PKPDModule,modifier,1.0,1.0,1.0,0.0,5.0,0.0,2.5,PASS,
picu_insulin_stress_hyperglycemia_v1_16,drug_MAP_mod,PKPDModule,modifier,1.0,1.0,1.0,0.0,5.0,0.0,2.5,PASS,
picu_insulin_stress_hyperglycemia_v1_16,drug_NMB_frac,PKPDModule,index,0.0,0.0,0.0,0.0,1.0,0.0,1.0,PASS,
picu_insulin_stress_hyperglycemia_v1_16,drug_SVR_mod,PKPDModule,modifier,1.0,1.0,1.0,0.0,5.0,0.0,2.5,PASS,
picu_insulin_stress_hyperglycemia_v1_16,drug_drive_mod,PKPDModule,modifier,1.0,1.0,1.0,0.0,5.0,0.0,2.5,PASS,
picu_insulin_stress_hyperglycemia_v1_16,drug_inotropy_mod,PharmacologyModule,modifier,1.0,1.0,1.0,0.0,5.0,0.0,2.5,PASS,
picu_insulin_stress_hyperglycemia_v1_16,encephalopathy_index,NeuroFunctionalModule/ICPModule,index,0.0,0.06776259008042619,0.06752732140939692,0.0,1.0,0.0,1.0,PASS,
picu_insulin_stress_hyperglycemia_v1_16,endocrine_GFR_mod,EndocrineStressAxisModule,modifier,0.9300853281073913,1.0,0.9309358017777961,0.0,5.0,0.0,2.5,PASS,
picu_insulin_stress_hyperglycemia_v1_16,endocrine_HR_add,EndocrineStressAxisModule,additive_modifier,0.0,7.567561591697663,7.401613537247875,-150.0,150.0,-50.0,50.0,PASS,
picu_insulin_stress_hyperglycemia_v1_16,endocrine_SVR_mod,EndocrineStressAxisModule,modifier,1.0,1.1150143200587248,1.1109955537062683,0.0,5.0,0.0,2.5,PASS,
picu_insulin_stress_hyperglycemia_v1_16,endocrine_VO2_mod,EndocrineStressAxisModule,modifier,1.0,1.097088287588479,1.0771682458787755,0.0,5.0,0.0,2.5,PASS,
picu_insulin_stress_hyperglycemia_v1_16,endocrine_glucose_prod_mod,EndocrineStressAxisModule,modifier,1.0,1.3754862871600384,1.3737098302435409,0.0,5.0,0.0,2.5,PASS,
picu_insulin_stress_hyperglycemia_v1_16,endocrine_lactate_mod,EndocrineStressAxisModule,modifier,1.0,1.1791104331950668,1.1763749402854913,0.0,5.0,0.0,2.5,PASS,
picu_insulin_stress_hyperglycemia_v1_16,endocrine_severity_score,EndocrineStressAxisModule,score,0.0,0.2298661608746,0.2298661608746,0.0,1.0,0.0,1.0,PASS,
picu_insulin_stress_hyperglycemia_v1_16,endothelial_leak_index,AdvancedSepsisModule,index,0.0,0.1965346573439167,0.1965346573439167,0.0,1.0,0.0,1.0,PASS,
picu_insulin_stress_hyperglycemia_v1_16,feeding_intolerance_index,NutritionCatabolismModule,index,0.0,0.2128564817102656,0.2128564817102656,0.0,1.0,0.0,1.0,PASS,
picu_insulin_stress_hyperglycemia_v1_16,fever_drive,ThermoregulationModule,drive_or_tone,0.0,0.2907863711032921,0.2907863711032921,0.0,3.0,0.0,2.0,PASS,
picu_insulin_stress_hyperglycemia_v1_16,furosemide_effect_signal,Pharmacology/RenalModules,effect_index,0.0,0.0,0.0,0.0,1.0,0.0,1.0,PASS,
picu_insulin_stress_hyperglycemia_v1_16,heart_lung_CO_mod,HeartLung/RespiratoryMechanicsModule,modifier,0.8849200239728533,1.0,0.9719408965034576,0.0,5.0,0.0,2.5,PASS,
picu_insulin_stress_hyperglycemia_v1_16,heat_loss_index,ThermoregulationModule,index,0.0,0.0,0.0,0.0,1.0,0.0,1.0,PASS,
picu_insulin_stress_hyperglycemia_v1_16,heme_severity_score,HematologyOxygenTransportModule,score,0.0,0.06582718964627211,0.06522615293684808,0.0,1.0,0.0,1.0,PASS,
picu_insulin_stress_hyperglycemia_v1_16,hemolysis_index,HematologyOxygenTransportModule,index,0.0,0.033508949265774475,0.033508949265774475,0.0,1.0,0.0,1.0,PASS,
picu_insulin_stress_hyperglycemia_v1_16,hepatic_drug_clearance_mod,HepaticMetabolismModule,modifier,0.82062297744884,1.0,0.82062297744884,0.0,5.0,0.0,2.5,PASS,
picu_insulin_stress_hyperglycemia_v1_16,hepatic_encephalopathy_index,HepaticMetabolismModule,index,0.0,0.0,0.0,0.0,1.0,0.0,1.0,PASS,
picu_insulin_stress_hyperglycemia_v1_16,hepatic_fluid_leak_mod,HepaticMetabolismModule,modifier,1.0,1.0852875636476949,1.0852875636476949,0.0,5.0,0.0,2.5,PASS,
picu_insulin_stress_hyperglycemia_v1_16,hepatic_hypoxic_injury_index,HepaticMetabolismModule,index,0.0,0.16000565116224164,0.16000565116224164,0.0,1.0,0.0,1.0,PASS,
picu_insulin_stress_hyperglycemia_v1_16,hepatic_lactate_clearance_mod,HepaticMetabolismModule,modifier,0.8427552229683842,1.0,0.8427552229683842,0.0,5.0,0.0,2.5,PASS,
picu_insulin_stress_hyperglycemia_v1_16,hepatic_perfusion_index,HepaticMetabolismModule,index,0.8880754134984479,1.080935304144009,0.8880754134984479,0.0,2.0,0.3,1.5,PASS,
picu_insulin_stress_hyperglycemia_v1_16,hepatic_severity_score,HepaticMetabolismModule,score,0.0,0.12206378744788073,0.12206378744788073,0.0,1.0,0.0,1.0,PASS,
picu_insulin_stress_hyperglycemia_v1_16,hepatocellular_injury_index,HepaticMetabolismModule,index,0.0,0.16199758359054933,0.16199758359054933,0.0,1.0,0.0,1.0,PASS,
picu_insulin_stress_hyperglycemia_v1_16,hyperchloremia_index,AcidBaseElectrolyteModule,index,0.0,0.0,0.0,0.0,1.0,0.0,1.0,PASS,
picu_insulin_stress_hyperglycemia_v1_16,hyperkalemia_index,AcidBaseElectrolyteModule,index,0.0,0.02647045198525655,0.02647045198525655,0.0,1.0,0.0,1.0,PASS,
picu_insulin_stress_hyperglycemia_v1_16,hyperthermia_index,ThermoregulationModule,index,0.0,0.0,0.0,0.0,1.0,0.0,1.0,PASS,
picu_insulin_stress_hyperglycemia_v1_16,hypokalemia_index,AcidBaseElectrolyteModule,index,0.0,0.0,0.0,0.0,1.0,0.0,1.0,PASS,
picu_insulin_stress_hyperglycemia_v1_16,hypothermia_index,ThermoregulationModule,index,0.0,0.0,0.0,0.0,1.0,0.0,1.0,PASS,
picu_insulin_stress_hyperglycemia_v1_16,hypoxic_ischemic_neuro_index,NeuroFunctionalModule/ICPModule,index,0.0,0.09571750702901813,0.07172760554429658,0.0,1.0,0.0,1.0,PASS,
picu_insulin_stress_hyperglycemia_v1_16,inadequate_coverage_index,InfectionAntimicrobialBasicModule,index,0.0,0.22583390227401406,0.22583390227401406,0.0,1.0,0.0,1.0,PASS,
picu_insulin_stress_hyperglycemia_v1_16,infection_fever_drive,InfectionAntimicrobialBasicModule,drive_or_tone,0.0,0.24076389439037663,0.24076389439037663,0.0,3.0,0.0,2.0,PASS,
picu_insulin_stress_hyperglycemia_v1_16,infection_lactate_mod,InfectionAntimicrobialBasicModule,modifier,1.0,1.1464179210957697,1.1464179210957697,0.0,5.0,0.0,2.5,PASS,
picu_insulin_stress_hyperglycemia_v1_16,infection_severity_score,InfectionAntimicrobialBasicModule,score,0.0,0.24410139828785027,0.24410139828785027,0.0,1.0,0.0,1.0,PASS,
picu_insulin_stress_hyperglycemia_v1_16,ino_PVR_mod,INOModule,modifier,1.0,1.0,1.0,0.0,5.0,0.0,2.5,PASS,
picu_insulin_stress_hyperglycemia_v1_16,ino_Qs_Qt_mod,INOModule,modifier,1.0,1.0,1.0,0.0,5.0,0.0,2.5,PASS,
picu_insulin_stress_hyperglycemia_v1_16,insulin_effect_revision,Pharmacology/GlucoseModules,schema_marker,319.0,319.0,319.0,0.0,999.0,0.0,999.0,PASS,
picu_insulin_stress_hyperglycemia_v1_16,insulin_effective_clearance_mmol_L_h,Pharmacology/GlucoseModules,effect_index,0.0,2.6747953870082237,2.6747953870082237,0.0,50.0,0.0,10.0,PASS,
picu_insulin_stress_hyperglycemia_v1_16,insulin_hypoglycemia_risk,Pharmacology/GlucoseModules,risk_index,0.0,0.0,0.0,0.0,1.0,0.0,1.0,PASS,
picu_insulin_stress_hyperglycemia_v1_16,insulin_resistance_index,EndocrineStressAxisModule,index,0.2336429790864855,0.35,0.26484708548124003,0.0,1.0,0.0,1.0,PASS,
picu_insulin_stress_hyperglycemia_v1_16,insulin_sensitivity_mod,EndocrineStressAxisModule,modifier,0.8357948070016312,1.0,0.8357948070016312,0.0,5.0,0.0,2.5,PASS,
picu_insulin_stress_hyperglycemia_v1_16,liver_SOFA_proxy,HepaticMetabolismModule,proxy,0.0,0.0,0.0,0.0,4.0,0.0,4.0,PASS,
picu_insulin_stress_hyperglycemia_v1_16,malnutrition_index,NutritionCatabolismModule,index,0.0,0.0,0.0,0.0,1.0,0.0,1.0,PASS,
picu_insulin_stress_hyperglycemia_v1_16,marrow_suppression_index,HematologyOxygenTransportModule,index,0.0,0.049992629509079636,0.043138523160086886,0.0,1.0,0.0,1.0,PASS,
picu_insulin_stress_hyperglycemia_v1_16,metabolic_acidosis_index,AcidBaseElectrolyteModule,index,0.15250000000000058,0.16616594066052906,0.16616594066052906,0.0,1.0,0.0,1.0,PASS,
picu_insulin_stress_hyperglycemia_v1_16,metabolic_encephalopathy_index,NeuroFunctionalModule/ICPModule,index,0.0,0.05104933708214301,0.038254722956958184,0.0,1.0,0.0,1.0,PASS,
picu_insulin_stress_hyperglycemia_v1_16,microbial_burden,InfectionAntimicrobialBasicModule,index,0.35,0.36608376036414697,0.36608376036414697,0.0,1.0,0.0,1.0,PASS,
picu_insulin_stress_hyperglycemia_v1_16,microcirculatory_failure_index,AdvancedSepsisModule,index,0.0,0.17203048140065683,0.1693529237452706,0.0,1.0,0.0,1.0,PASS,
picu_insulin_stress_hyperglycemia_v1_16,morphine_renal_accumulation_risk,AKICRRTModule,risk_index,0.0,0.0,0.0,0.0,1.0,0.0,1.0,PASS,
picu_insulin_stress_hyperglycemia_v1_16,myocardial_depression_index,AdvancedSepsisModule,index,0.0,0.06756920844006575,0.06756920844006575,0.0,1.0,0.0,1.0,PASS,
picu_insulin_stress_hyperglycemia_v1_16,neuro_HR_add,NeuroFunctionalModule/ICPModule,additive_modifier,0.0,3.424971045572197,3.2302286536933305,-150.0,150.0,-50.0,50.0,PASS,
picu_insulin_stress_hyperglycemia_v1_16,neuro_alert,NeuroFunctionalModule/ICPModule,alert_flag,0.0,0.0,0.0,0.0,1.0,0.0,1.0,PASS,
picu_insulin_stress_hyperglycemia_v1_16,neuro_resp_drive_mod,NeuroFunctionalModule/ICPModule,modifier,0.8736657413130279,1.0,0.8992813486965898,0.0,5.0,0.0,2.5,PASS,
picu_insulin_stress_hyperglycemia_v1_16,neuro_severity_score,NeuroFunctionalModule/ICPModule,score,0.0,0.1004078205153941,0.09567231105763423,0.0,1.0,0.0,1.0,PASS,
picu_insulin_stress_hyperglycemia_v1_16,neuro_sympathetic_mod,NeuroFunctionalModule/ICPModule,modifier,1.0,1.2019574263779405,1.1926783245417156,0.0,5.0,0.0,2.5,PASS,
picu_insulin_stress_hyperglycemia_v1_16,nitrogen_balance_proxy,NutritionCatabolismModule,proxy,-3.786986730792037,0.0,-3.786986730792037,-50.0,50.0,-20.0,20.0,PASS,
picu_insulin_stress_hyperglycemia_v1_16,nutrition_albumin_mod,NutritionCatabolismModule,modifier,0.8978873612474301,1.0,0.8978873612474301,0.0,5.0,0.0,2.5,PASS,
picu_insulin_stress_hyperglycemia_v1_16,nutrition_severity_score,NutritionCatabolismModule,score,0.0,0.48446222145606654,0.48446222145606654,0.0,1.0,0.0,1.0,PASS,
picu_insulin_stress_hyperglycemia_v1_16,oncotic_pressure_proxy,HepaticMetabolismModule,proxy,0.9465640504146137,1.0,0.9465640504146137,0.0,3.0,0.3,2.0,PASS,
picu_insulin_stress_hyperglycemia_v1_16,overdistension_index,HeartLung/RespiratoryMechanicsModule,index,0.0,0.18746501358496923,0.18671405697864113,0.0,1.0,0.0,1.0,PASS,
picu_insulin_stress_hyperglycemia_v1_16,pain_score,PainStressSedationModule,score,2.0,10.0,9.936488739014003,0.0,10.0,0.0,10.0,PASS,
picu_insulin_stress_hyperglycemia_v1_16,pathogen_resistance_index,InfectionAntimicrobialBasicModule,index,0.15,0.15,0.15,0.0,1.0,0.0,1.0,PASS,
picu_insulin_stress_hyperglycemia_v1_16,piperacillin_coverage_mod,Pharmacology/InfectionModules,modifier,0.0,0.0,0.0,0.0,1.0,0.0,1.0,PASS,
picu_insulin_stress_hyperglycemia_v1_16,piperacillin_target_attainment,Pharmacology/InfectionModules,index,0.0,0.0,0.0,0.0,1.0,0.0,1.0,PASS,
picu_insulin_stress_hyperglycemia_v1_16,platelet_function_index,HematologyOxygenTransportModule,index,0.25,1.0,0.25,0.0,1.0,0.0,1.0,PASS,
picu_insulin_stress_hyperglycemia_v1_16,procalcitonin_proxy,InfectionAntimicrobialBasicModule,proxy,0.0,0.117744079320764,0.117744079320764,0.0,1000.0,0.0,100.0,PASS,
picu_insulin_stress_hyperglycemia_v1_16,recruited_frac,RespiratoryMechanics/ChemoreflexModule,index,0.8125459686455984,0.8865733184697039,0.8638040867701132,0.0,1.0,0.0,1.0,PASS,
picu_insulin_stress_hyperglycemia_v1_16,refeeding_risk_index,NutritionCatabolismModule,risk_index,0.0,0.24254671609101372,0.24254671609101372,0.0,1.0,0.0,1.0,PASS,
picu_insulin_stress_hyperglycemia_v1_16,renal_severity_score,AKICRRTModule/FluidBalanceModule,score,0.0,0.03248428004688389,0.03248428004688389,0.0,1.0,0.0,1.0,PASS,
picu_insulin_stress_hyperglycemia_v1_16,respiratory_acidosis_index,AcidBaseElectrolyteModule,index,0.0,1.0,1.0,0.0,1.0,0.0,1.0,PASS,
picu_insulin_stress_hyperglycemia_v1_16,sed_HR_mod,PainStressSedationModule,modifier,1.0,1.55,1.55,0.0,5.0,0.0,2.5,PASS,
picu_insulin_stress_hyperglycemia_v1_16,sed_SVR_mod,PainStressSedationModule,modifier,1.0,1.3,1.3,0.0,5.0,0.0,2.5,PASS,
picu_insulin_stress_hyperglycemia_v1_16,sed_VO2_mod,PainStressSedationModule,modifier,1.0,1.3,1.3,0.0,5.0,0.0,2.5,PASS,
picu_insulin_stress_hyperglycemia_v1_16,sed_resp_mod,PainStressSedationModule,modifier,1.0,1.0,1.0,0.0,5.0,0.0,2.5,PASS,
picu_insulin_stress_hyperglycemia_v1_16,sedation_score,PainStressSedationModule,score,0.0,0.0,0.0,0.0,1.0,0.0,1.0,PASS,
picu_insulin_stress_hyperglycemia_v1_16,seizure_risk_index,NeuroFunctionalModule/ICPModule,risk_index,0.0,0.0,0.0,0.0,1.0,0.0,1.0,PASS,
picu_insulin_stress_hyperglycemia_v1_16,seizure_treatment_effect,NeuroFunctionalModule/ICPModule,effect_index,0.0,0.0,0.0,0.0,1.0,0.0,1.0,PASS,
picu_insulin_stress_hyperglycemia_v1_16,sepsis_CO_mod,AdvancedSepsisModule,modifier,0.9695938562019704,1.0,0.9695938562019704,0.0,5.0,0.0,2.5,PASS,
picu_insulin_stress_hyperglycemia_v1_16,sepsis_GFR_mod,AdvancedSepsisModule,modifier,0.9397893315097701,1.0,0.9407264766891553,0.0,5.0,0.0,2.5,PASS,
picu_insulin_stress_hyperglycemia_v1_16,sepsis_HR_add,AdvancedSepsisModule,additive_modifier,0.0,8.10830501280789,8.10830501280789,-150.0,150.0,-50.0,50.0,PASS,
picu_insulin_stress_hyperglycemia_v1_16,sepsis_SVR_mod,AdvancedSepsisModule,modifier,0.8575641086083414,1.0,0.8575641086083414,0.0,5.0,0.0,2.5,PASS,
picu_insulin_stress_hyperglycemia_v1_16,sepsis_VO2_mod,AdvancedSepsisModule,modifier,1.0,1.099913046478636,1.0989435473777174,0.0,5.0,0.0,2.5,PASS,
picu_insulin_stress_hyperglycemia_v1_16,sepsis_coag_mod,AdvancedSepsisModule,modifier,1.0,1.6017958577616915,1.6017958577616915,0.0,5.0,0.0,2.5,PASS,
picu_insulin_stress_hyperglycemia_v1_16,sepsis_lactate_prod_mod,AdvancedSepsisModule,modifier,1.0,1.215038101750821,1.2116911546815883,0.0,5.0,0.0,2.5,PASS,
picu_insulin_stress_hyperglycemia_v1_16,sepsis_severity_score,AdvancedSepsisModule,score,0.0,0.24920442423007244,0.24920442423007244,0.0,1.0,0.0,1.0,PASS,
picu_insulin_stress_hyperglycemia_v1_16,septic_encephalopathy_index,NeuroFunctionalModule/ICPModule,index,0.0,0.2316593251426319,0.2316593251426319,0.0,1.0,0.0,1.0,PASS,
picu_insulin_stress_hyperglycemia_v1_16,shivering_index,ThermoregulationModule,index,0.0,0.0,0.0,0.0,1.0,0.0,1.0,PASS,
picu_insulin_stress_hyperglycemia_v1_16,source_control_need_index,InfectionAntimicrobialBasicModule,index,0.0,0.24454395192325015,0.24454395192325015,0.0,1.0,0.0,1.0,PASS,
picu_insulin_stress_hyperglycemia_v1_16,steroid_ICP_mod,SteroidsModule,modifier,0.9963360886673875,1.0,0.9963360886673875,0.0,5.0,0.0,2.5,PASS,
picu_insulin_stress_hyperglycemia_v1_16,steroid_SIRS_mod,SteroidsModule,modifier,0.9938934811123125,1.0,0.9938934811123125,0.0,5.0,0.0,2.5,PASS,
picu_insulin_stress_hyperglycemia_v1_16,steroid_SVR_mod,SteroidsModule,modifier,1.0,1.0,1.0,0.0,5.0,0.0,2.5,PASS,
picu_insulin_stress_hyperglycemia_v1_16,steroid_glucose_add,SteroidsModule,additive_modifier,0.0,0.08549126442762496,0.08549126442762496,-150.0,150.0,-50.0,50.0,PASS,
picu_insulin_stress_hyperglycemia_v1_16,stress_hyperglycemia_index,PainStressSedationModule,index,0.0,0.6224547748512854,0.6218230944382227,0.0,1.0,0.0,1.0,PASS,
picu_insulin_stress_hyperglycemia_v1_16,stress_index,PainStressSedationModule,index,0.1,1.0,1.0,0.0,1.0,0.0,1.0,PASS,
picu_insulin_stress_hyperglycemia_v1_16,sympathetic_tone,PainStressSedationModule,drive_or_tone,1.0,1.55,1.55,0.0,3.0,0.0,2.0,PASS,
picu_insulin_stress_hyperglycemia_v1_16,temperature_instability_score,ThermoregulationModule,score,0.0,0.09467224420291602,0.09304192244056966,0.0,1.0,0.0,1.0,PASS,
picu_insulin_stress_hyperglycemia_v1_16,thermo_HR_add,ThermoregulationModule,additive_modifier,0.0,11.247730284410466,7.794558146115833,-150.0,150.0,-50.0,50.0,PASS,
picu_insulin_stress_hyperglycemia_v1_16,thermo_VO2_mod,ThermoregulationModule,modifier,1.0,1.1172322780923205,1.0798487221736155,0.0,5.0,0.0,2.5,PASS,
picu_insulin_stress_hyperglycemia_v1_16,thermo_coag_mod,ThermoregulationModule,modifier,1.0,1.0,1.0,0.0,5.0,0.0,2.5,PASS,
picu_insulin_stress_hyperglycemia_v1_16,thermo_lactate_mod,ThermoregulationModule,modifier,1.0,1.0,1.0,0.0,5.0,0.0,2.5,PASS,
picu_insulin_stress_hyperglycemia_v1_16,thrombosis_risk_index,HematologyOxygenTransportModule,risk_index,0.0,0.05491256405462205,0.05491256405462205,0.0,1.0,0.0,1.0,PASS,
picu_insulin_stress_hyperglycemia_v1_16,thyroid_suppression_index,EndocrineStressAxisModule,index,0.0,0.026577451294406057,0.026577451294406057,0.0,1.0,0.0,1.0,PASS,
picu_insulin_stress_hyperglycemia_v1_16,transfusion_trigger_score,HematologyOxygenTransportModule,score,0.0,0.0,0.0,0.0,1.0,0.0,1.0,PASS,
picu_insulin_stress_hyperglycemia_v1_16,vancomycin_coverage_mod,Pharmacology/InfectionModules,modifier,0.0,0.0,0.0,0.0,1.0,0.0,1.0,PASS,
picu_insulin_stress_hyperglycemia_v1_16,vancomycin_target_attainment,Pharmacology/InfectionModules,index,0.0,0.0,0.0,0.0,1.0,0.0,1.0,PASS,
picu_insulin_stress_hyperglycemia_v1_16,vasoplegia_index,AdvancedSepsisModule,index,0.0,0.22973530869622355,0.22973530869622355,0.0,1.0,0.0,1.0,PASS,
picu_insulin_stress_hyperglycemia_v1_16,venous_return_mod,HeartLung/RespiratoryMechanicsModule,modifier,0.9101055989202482,1.0,1.0,0.0,5.0,0.0,2.5,PASS,
picu_insulin_stress_hyperglycemia_v1_16,vq_deadspace_frac,RespiratoryGasExchangeModule,fraction,0.3,0.3620247680148446,0.35989803690712513,0.0,1.0,0.0,1.0,PASS,
picu_insulin_stress_hyperglycemia_v1_16,vq_exchange_frac,RespiratoryGasExchangeModule,fraction,0.766968293208935,0.9,0.7676337781078856,0.0,1.0,0.0,1.0,PASS,
picu_insulin_stress_hyperglycemia_v1_16,vq_high_vq_burden,RespiratoryGasExchangeModule,burden_index,0.0,0.09391279592526006,0.09391279592526006,0.0,1.0,0.0,1.0,PASS,
picu_insulin_stress_hyperglycemia_v1_16,vq_low_vq_burden,RespiratoryGasExchangeModule,burden_index,0.0,0.09391279592526006,0.09391279592526006,0.0,1.0,0.0,1.0,PASS,
picu_insulin_stress_hyperglycemia_v1_16,vq_shunt_frac,RespiratoryGasExchangeModule,fraction,0.1,0.233031706791065,0.2323662218921144,0.0,1.0,0.0,1.0,PASS,
picu_insulin_stress_hyperglycemia_v1_16,warming_effect,ThermoregulationModule,effect_index,0.0,0.0,0.0,0.0,1.0,0.0,1.0,PASS,
picu_insulin_stress_hyperglycemia_v1_16,withdrawal_risk,PainStressSedationModule,risk_index,0.0,0.0,0.0,0.0,1.0,0.0,1.0,PASS,
picu_insulin_stress_hyperglycemia_v1_16,withdrawal_state_index,NeuroFunctionalModule/ICPModule,index,0.0,0.3499999907944455,0.3495442172824659,0.0,1.0,0.0,1.0,PASS,
picu_insulin_stress_hyperglycemia_v1_16,vq_adaptive_sigma,GasExchangeModule,dispersion_proxy,0.35,0.5744646552457882,0.5725707881830123,0.0,2.0,0.2,1.8,PASS,
picu_insulin_stress_hyperglycemia_v1_16,vq_ards_weight,GasExchangeModule,index,0.0,0.1582376141965447,0.1566253002143698,0.0,1.0,0.0,1.0,PASS,
picu_insulin_stress_hyperglycemia_v1_16,vq_obstruction_weight,GasExchangeModule,index,0.0,0.0,0.0,0.0,1.0,0.0,1.0,PASS,
picu_insulin_stress_hyperglycemia_v1_16,vq_shock_weight,GasExchangeModule,index,0.0,0.21266547605985883,0.20794162745031702,0.0,1.0,0.0,1.0,PASS,
picu_insulin_stress_hyperglycemia_v1_16,vq_neonatal_weight,GasExchangeModule,index,0.0,0.0,0.0,0.0,1.0,0.0,1.0,PASS,
picu_insulin_stress_hyperglycemia_v1_16,ETT_failure_risk,Step4 integrated airway/pharmacology/monitoring modules,risk,0.0,0.0,0.0,0.0,1.0,0.0,1.0,PASS,
picu_insulin_stress_hyperglycemia_v1_16,ETT_position_score,Step4 integrated airway/pharmacology/monitoring modules,score,1.0,1.0,1.0,0.0,1.0,0.0,1.0,PASS,
picu_insulin_stress_hyperglycemia_v1_16,EtCO2_proxy,Step4 integrated airway/pharmacology/monitoring modules,proxy,35.0,81.28669210802782,72.96528115450546,0.0,150.0,15.0,80.0,REVIEW,
picu_insulin_stress_hyperglycemia_v1_16,HFNC_failure_risk,Step4 integrated airway/pharmacology/monitoring modules,risk,0.0,0.0,0.0,0.0,1.0,0.0,1.0,PASS,
picu_insulin_stress_hyperglycemia_v1_16,NIV_failure_risk,Step4 integrated airway/pharmacology/monitoring modules,risk,0.0,0.0,0.0,0.0,1.0,0.0,1.0,PASS,
picu_insulin_stress_hyperglycemia_v1_16,NIV_leak_fraction,Step4 integrated airway/pharmacology/monitoring modules,fraction,0.28,0.28,0.28,0.0,1.0,0.0,1.0,PASS,
picu_insulin_stress_hyperglycemia_v1_16,airway_event_hypoxia_burden,Step4 integrated airway/pharmacology/monitoring modules,burden,0.0,0.0,0.0,0.0,1.0,0.0,1.0,PASS,
picu_insulin_stress_hyperglycemia_v1_16,airway_protection_score,Step4 integrated airway/pharmacology/monitoring modules,score,1.0,1.0,1.0,0.0,1.0,0.0,1.0,PASS,
picu_insulin_stress_hyperglycemia_v1_16,aspiration_risk,Step4 integrated airway/pharmacology/monitoring modules,risk,0.0,0.0,0.0,0.0,1.0,0.0,1.0,PASS,
picu_insulin_stress_hyperglycemia_v1_16,bronchodilator_HR_mod,Step4 integrated airway/pharmacology/monitoring modules,mod,1.0,1.0,1.0,0.5,2.0,0.8,1.4,PASS,
picu_insulin_stress_hyperglycemia_v1_16,cuff_leak_fraction,Step4 integrated airway/pharmacology/monitoring modules,fraction,0.0,0.0,0.0,0.0,1.0,0.0,1.0,PASS,
picu_insulin_stress_hyperglycemia_v1_16,dexmedetomidine_bradycardia_risk,Step4 integrated airway/pharmacology/monitoring modules,risk,0.0,0.0,0.0,0.0,1.0,0.0,1.0,PASS,
picu_insulin_stress_hyperglycemia_v1_16,dexmedetomidine_hypotension_risk,Step4 integrated airway/pharmacology/monitoring modules,risk,0.0,0.0,0.0,0.0,1.0,0.0,1.0,PASS,
picu_insulin_stress_hyperglycemia_v1_16,diuretic_hypovolemia_risk,Step4 integrated airway/pharmacology/monitoring modules,risk,0.0,0.0,0.0,0.0,1.0,0.0,1.0,PASS,
picu_insulin_stress_hyperglycemia_v1_16,effective_external_PEEP_cmH2O,Step4 integrated airway/pharmacology/monitoring modules,modifier,6.0,6.0,6.0,0.0,60.0,0.0,25.0,PASS,
picu_insulin_stress_hyperglycemia_v1_16,furosemide_effective_diuretic_signal,Step4 integrated airway/pharmacology/monitoring modules,signal,0.0,0.0,0.0,0.0,1.0,0.0,1.0,PASS,
picu_insulin_stress_hyperglycemia_v1_16,ino_rebound_risk_signal,Step4 integrated airway/pharmacology/monitoring modules,risk,0.0,0.0,0.0,0.0,1.0,0.0,1.0,PASS,
picu_insulin_stress_hyperglycemia_v1_16,insulin_effective_potassium_shift_mmol_L_h,Step4 integrated airway/pharmacology/monitoring modules,modifier,0.0,0.36068763083570565,0.36068763083570565,0.0,20.0,0.0,5.0,PASS,
picu_insulin_stress_hyperglycemia_v1_16,ketamine_hemodynamic_support_signal,Step4 integrated airway/pharmacology/monitoring modules,mod,0.0,0.0,0.0,0.0,1.0,0.0,1.0,PASS,
picu_insulin_stress_hyperglycemia_v1_16,laryngospasm_score,Step4 integrated airway/pharmacology/monitoring modules,score,0.0,0.0,0.0,0.0,1.0,0.0,1.0,PASS,
picu_insulin_stress_hyperglycemia_v1_16,mask_leak_fraction,Step4 integrated airway/pharmacology/monitoring modules,fraction,0.28,0.28,0.28,0.0,1.0,0.0,1.0,PASS,
picu_insulin_stress_hyperglycemia_v1_16,mouth_leak_fraction,Step4 integrated airway/pharmacology/monitoring modules,fraction,0.25,0.25,0.25,0.0,1.0,0.0,1.0,PASS,
picu_insulin_stress_hyperglycemia_v1_16,sedative_drive_depression_signal,Step4 integrated airway/pharmacology/monitoring modules,signal,0.0,0.0,0.0,0.0,1.0,0.0,1.0,PASS,
picu_insulin_stress_hyperglycemia_v1_16,steroid_delayed_effect_signal,Step4 integrated airway/pharmacology/monitoring modules,signal,0.0,0.024426075550749986,0.024426075550749986,0.0,1.0,0.0,1.0,PASS,
picu_insulin_stress_hyperglycemia_v1_16,tube_VdVt_add,Step4 integrated airway/pharmacology/monitoring modules,modifier,0.025612507256850235,0.035955193381746804,0.025630193143324206,0.0,1.0,0.0,0.5,PASS,
picu_insulin_stress_hyperglycemia_v1_16,tube_obstruction_score,Step4 integrated airway/pharmacology/monitoring modules,score,0.0,0.0,0.0,0.0,1.0,0.0,1.0,PASS,
picu_insulin_stress_hyperglycemia_v1_16,upper_airway_obstruction_score,Step4 integrated airway/pharmacology/monitoring modules,score,0.0,0.0,0.0,0.0,1.0,0.0,1.0,PASS,
picu_insulin_stress_hyperglycemia_v1_16,vasoactive_CO_mod,Step4 integrated airway/pharmacology/monitoring modules,mod,1.0,1.0,1.0,0.1,5.0,0.5,3.0,PASS,
picu_insulin_stress_hyperglycemia_v1_16,vasoactive_SVR_mod,Step4 integrated airway/pharmacology/monitoring modules,mod,0.9675226971558953,1.0,1.0,0.1,5.0,0.5,3.0,PASS,
