variable,module,kind,assumption_level,formula_status,validation_status,hard_low,hard_high,expected_low,expected_high,range_note,review_priority,parameterizable_in_future,interpretation
ADH_water_retention_index,EndocrineStressAxisModule,index,moderate,empirical_or_heuristic,internal plausibility only; not externally validated,0.0,1.0,0.0,1.0,"unitless qualitative score/index, expected to remain within 0-1",standard,False,Qualitative internal state for ADH water retention index; empirical and scenario-dependent.
AKI_index,AKICRRTModule/FluidBalanceModule,index,moderate,empirical_or_heuristic,internal plausibility only; not externally validated,0.0,1.0,0.0,1.0,"unitless qualitative score/index, expected to remain within 0-1",standard,False,Qualitative internal state for AKI index; empirical and scenario-dependent.
CRP_proxy,InfectionAntimicrobialBasicModule,proxy,high,empirical_or_heuristic,internal plausibility only; not externally validated,0.0,500.0,0.0,300.0,qualitative inflammatory biomarker proxy,standard,False,Proxy variable approximating CRP proxy; not equivalent to the bedside clinical measurement.
CRRT_UF_mL_h_effective,AKICRRTModule/FluidBalanceModule,effect_index,moderate,empirical_or_heuristic,internal plausibility only; not externally validated,0.0,1000.0,0.0,250.0,effective CRRT ultrafiltration rate suggested by CRRT module,standard,False,Qualitative internal state for CRRT UF mL h effective; empirical and scenario-dependent.
CRRT_active_effective,AKICRRTModule/FluidBalanceModule,effect_index,moderate,empirical_or_heuristic,internal plausibility only; not externally validated,0.0,1.0,0.0,1.0,"unitless qualitative score/index, expected to remain within 0-1",standard,False,Qualitative internal state for CRRT active effective; empirical and scenario-dependent.
CRRT_clearance_mod,AKICRRTModule/FluidBalanceModule,modifier,moderate,empirical_or_heuristic,internal plausibility only; not externally validated,0.0,5.0,0.0,2.5,positive multiplicative modifier; not directly measured at bedside,standard,False,Multiplier used by downstream modules to express the qualitative effect of CRRT clearance mod; not a directly validated clinical endpoint.
GCS_proxy,NeuroFunctionalModule/ICPModule,proxy,high,empirical_or_heuristic,requires expert review and/or external benchmark before scientific use,3.0,15.0,3.0,15.0,qualitative GCS-like proxy; not a validated GCS score,high,True,Proxy variable approximating GCS proxy; not equivalent to the bedside clinical measurement.
HFOV_power_proxy,VentilatorModule,proxy,moderate,empirical_or_heuristic,internal plausibility only; not externally validated,0.0,200.0,0.0,100.0,qualitative HFOV energy proxy; not conventional mechanical power,standard,False,Qualitative internal variable HFOV_power_proxy; added to the hardened public registry in v1.19.
ICP_alert,NeuroFunctionalModule/ICPModule,alert_flag,moderate,empirical_or_heuristic,internal plausibility only; not externally validated,0.0,1.0,0.0,1.0,"unitless qualitative score/index, expected to remain within 0-1",standard,False,Boolean alert flag for ICP alert; used for report/UI logic.
LDH_index,HematologyOxygenTransportModule,index,moderate,empirical_or_heuristic,internal plausibility only; not externally validated,0.0,1.0,0.0,1.0,"unitless qualitative score/index, expected to remain within 0-1",standard,False,Qualitative internal state for LDH index; empirical and scenario-dependent.
M6G_accumulation_proxy,Pharmacology/PainStressSedationModules,proxy,moderate,empirical_or_heuristic,requires expert review and/or external benchmark before scientific use,-1000.0,1000.0,-100.0,100.0,broad proxy range; interpret qualitatively only,high,True,Qualitative internal variable M6G_accumulation_proxy; added to the hardened public registry in v1.19.
PEEP_hemodynamic_penalty,HeartLung/RespiratoryMechanicsModule,modifier,moderate,empirical_or_heuristic,internal plausibility only; not externally validated,,,,,0.5-1.5 or scenario-specific,standard,False,Multiplier used by downstream modules to express the qualitative effect of PEEP hemodynamic penalty; not a directly validated clinical endpoint.
RASS_proxy,NeuroFunctionalModule/ICPModule,proxy,high,empirical_or_heuristic,internal plausibility only; not externally validated,-5.0,4.0,-5.0,4.0,qualitative RASS-like proxy; not a validated RASS score,standard,False,Proxy variable approximating RASS proxy; not equivalent to the bedside clinical measurement.
RRT_indication_score,AKICRRTModule/FluidBalanceModule,score,high,empirical_or_heuristic,internal plausibility only; not externally validated,0.0,1.0,0.0,1.0,"unitless qualitative score, expected to remain within 0-1",standard,False,Composite severity/response score for RRT indication score; empirical and intended for internal simulation logic.
RV_afterload_index,HeartLung/RespiratoryMechanicsModule,index,moderate,empirical_or_heuristic,internal plausibility only; not externally validated,0.0,1.0,0.0,1.0,"unitless qualitative score/index, expected to remain within 0-1",standard,False,Qualitative internal state for RV afterload index; empirical and scenario-dependent.
VCO2_mod,NutritionCatabolismModule,modifier,moderate,empirical_or_heuristic,internal plausibility only; not externally validated,0.0,5.0,0.0,2.5,positive multiplicative modifier; not directly measured at bedside,standard,False,Multiplier used by downstream modules to express the qualitative effect of VCO2 mod; not a directly validated clinical endpoint.
VILI_risk,HeartLung/RespiratoryMechanicsModule,risk_index,high,empirical_or_heuristic,requires expert review and/or external benchmark before scientific use,0.0,1.0,0.0,1.0,"unitless qualitative score/index, expected to remain within 0-1",high,True,"Qualitative risk index for VILI risk; intended for scenario comparison and education, not prediction."
adrenal_insufficiency_index,EndocrineStressAxisModule,index,moderate,empirical_or_heuristic,internal plausibility only; not externally validated,0.0,1.0,0.0,1.0,"unitless qualitative score/index, expected to remain within 0-1",standard,False,Qualitative internal state for adrenal insufficiency index; empirical and scenario-dependent.
air_trapping_index,AirwayObstructionModule,index,moderate,empirical_or_heuristic,internal plausibility only; not externally validated,0.0,1.0,0.0,1.0,"unitless qualitative score/index, expected to remain within 0-1",standard,False,Qualitative internal state for air trapping index; empirical and scenario-dependent.
airway_VdVt_add,AirwayObstructionModule,additive_modifier,moderate,empirical_or_heuristic,internal plausibility only; not externally validated,-150.0,150.0,-50.0,50.0,additive modifier; unit depends on downstream target,standard,False,Additive term used by downstream modules to express the qualitative effect of airway VdVt add; unit depends on target variable.
airway_obstruction_index,AirwayObstructionModule,index,moderate,empirical_or_heuristic,internal plausibility only; not externally validated,0.0,1.0,0.0,1.0,"unitless qualitative score/index, expected to remain within 0-1",standard,False,Qualitative internal state for airway obstruction index; empirical and scenario-dependent.
airway_resistance_mod,AirwayObstructionModule,modifier,moderate,empirical_or_heuristic,internal plausibility only; not externally validated,0.0,5.0,0.0,2.5,positive multiplicative modifier; not directly measured at bedside,standard,False,Multiplier used by downstream modules to express the qualitative effect of airway resistance mod; not a directly validated clinical endpoint.
airway_shunt_add,AirwayObstructionModule,additive_modifier,moderate,empirical_or_heuristic,internal plausibility only; not externally validated,-150.0,150.0,-50.0,50.0,additive modifier; unit depends on downstream target,standard,False,Additive term used by downstream modules to express the qualitative effect of airway shunt add; unit depends on target variable.
analgesia_score,PainStressSedationModule,score,high,empirical_or_heuristic,internal plausibility only; not externally validated,0.0,1.0,0.0,1.0,"unitless qualitative score, expected to remain within 0-1",standard,False,Composite severity/response score for analgesia score; empirical and intended for internal simulation logic.
anemia_severity_index,HematologyOxygenTransportModule,index,moderate,empirical_or_heuristic,internal plausibility only; not externally validated,0.0,1.0,0.0,1.0,"unitless qualitative score/index, expected to remain within 0-1",standard,False,Qualitative internal state for anemia severity index; empirical and scenario-dependent.
antibiotic_delay_harm_index,InfectionAntimicrobialBasicModule,index,moderate,empirical_or_heuristic,internal plausibility only; not externally validated,0.0,1.0,0.0,1.0,"unitless qualitative score/index, expected to remain within 0-1",standard,False,Qualitative internal state for antibiotic delay harm index; empirical and scenario-dependent.
antibiotic_effect,InfectionAntimicrobialBasicModule,effect_index,moderate,empirical_or_heuristic,requires expert review and/or external benchmark before scientific use,0.0,1.0,0.0,1.0,"unitless qualitative score/index, expected to remain within 0-1",high,True,Qualitative internal state for antibiotic effect; empirical and scenario-dependent.
antimicrobial_deescalation_readiness,InfectionAntimicrobialBasicModule,index,moderate,empirical_or_heuristic,internal plausibility only; not externally validated,0.0,1.0,0.0,1.0,"unitless qualitative score/index, expected to remain within 0-1",standard,False,Qualitative internal state for antimicrobial deescalation readiness; empirical and scenario-dependent.
antimicrobial_escalation_score,InfectionAntimicrobialBasicModule,score,high,empirical_or_heuristic,internal plausibility only; not externally validated,0.0,1.0,0.0,1.0,"unitless qualitative score, expected to remain within 0-1",standard,False,Composite severity/response score for antimicrobial escalation score; empirical and intended for internal simulation logic.
antipyretic_effect,ThermoregulationModule,effect_index,moderate,empirical_or_heuristic,internal plausibility only; not externally validated,0.0,1.0,0.0,1.0,"unitless qualitative score/index, expected to remain within 0-1",standard,False,Qualitative internal state for antipyretic effect; empirical and scenario-dependent.
atelectrauma_index,HeartLung/RespiratoryMechanicsModule,index,moderate,empirical_or_heuristic,internal plausibility only; not externally validated,0.0,1.0,0.0,1.0,"unitless qualitative score/index, expected to remain within 0-1",standard,False,Qualitative internal state for atelectrauma index; empirical and scenario-dependent.
bleeding_risk_index,HematologyOxygenTransportModule,risk_index,high,empirical_or_heuristic,internal plausibility only; not externally validated,0.0,1.0,0.0,1.0,"unitless qualitative score/index, expected to remain within 0-1",standard,False,"Qualitative risk index for bleeding risk index; intended for scenario comparison and education, not prediction."
bronchodilator_effect,AirwayObstructionModule,effect_index,moderate,empirical_or_heuristic,internal plausibility only; not externally validated,0.0,1.0,0.0,1.0,"unitless qualitative score/index, expected to remain within 0-1",standard,False,Qualitative internal state for bronchodilator effect; empirical and scenario-dependent.
bronchospasm_index,AirwayObstructionModule,index,moderate,empirical_or_heuristic,internal plausibility only; not externally validated,0.0,1.0,0.0,1.0,"unitless qualitative score/index, expected to remain within 0-1",standard,False,Qualitative internal state for bronchospasm index; empirical and scenario-dependent.
capillary_leak_index,HeartLung/RespiratoryMechanicsModule,index,moderate,empirical_or_heuristic,internal plausibility only; not externally validated,0.0,1.0,0.0,1.0,"unitless qualitative score/index, expected to remain within 0-1",standard,False,Qualitative internal state for capillary leak index; empirical and scenario-dependent.
catabolism_index,NutritionCatabolismModule,index,moderate,empirical_or_heuristic,internal plausibility only; not externally validated,0.0,1.0,0.0,1.0,"unitless qualitative score/index, expected to remain within 0-1",standard,False,Qualitative internal state for catabolism index; empirical and scenario-dependent.
catecholamine_tone,EndocrineStressAxisModule,drive_or_tone,moderate,empirical_or_heuristic,internal plausibility only; not externally validated,0.0,3.0,0.0,2.0,qualitative drive/tone variable,standard,False,Qualitative internal state for catecholamine tone; empirical and scenario-dependent.
cerebral_metabolic_rate_mod,NeuroFunctionalModule/ICPModule,modifier,moderate,empirical_or_heuristic,internal plausibility only; not externally validated,0.0,5.0,0.0,2.5,positive multiplicative modifier; not directly measured at bedside,standard,False,Multiplier used by downstream modules to express the qualitative effect of cerebral metabolic rate mod; not a directly validated clinical endpoint.
cholestasis_index,HepaticMetabolismModule,index,moderate,empirical_or_heuristic,internal plausibility only; not externally validated,0.0,1.0,0.0,1.0,"unitless qualitative score/index, expected to remain within 0-1",standard,False,Qualitative internal state for cholestasis index; empirical and scenario-dependent.
clonidine_bradycardia_risk,Pharmacology/PainStressSedationModules,risk_index,moderate,empirical_or_heuristic,internal plausibility only; not externally validated,0.0,1.0,0.0,1.0,"unitless qualitative score/index, expected to remain within 0-1",standard,False,Qualitative internal variable clonidine_bradycardia_risk; added to the hardened public registry in v1.19.
clonidine_hypotension_risk,Pharmacology/PainStressSedationModules,risk_index,moderate,empirical_or_heuristic,internal plausibility only; not externally validated,0.0,1.0,0.0,1.0,"unitless qualitative score/index, expected to remain within 0-1",standard,False,Qualitative internal variable clonidine_hypotension_risk; added to the hardened public registry in v1.19.
clonidine_withdrawal_mod,Neurofunctional/PainStressSedationModules,modifier,moderate,empirical_or_heuristic,requires expert review and/or external benchmark before scientific use,0.0,5.0,0.0,2.5,positive multiplicative modifier; not directly measured at bedside,high,True,Qualitative internal variable clonidine_withdrawal_mod; added to the hardened public registry in v1.19.
coag_score,CoagulationModule,score,high,empirical_or_heuristic,internal plausibility only; not externally validated,0.0,10.0,0.0,5.0,ordinal coagulation severity proxy,standard,False,Composite severity/response score for coag score; empirical and intended for internal simulation logic.
consciousness_index,NeuroFunctionalModule/ICPModule,index,moderate,empirical_or_heuristic,internal plausibility only; not externally validated,0.0,1.0,0.0,1.0,"unitless qualitative score/index, expected to remain within 0-1",standard,False,Qualitative internal state for consciousness index; empirical and scenario-dependent.
cooling_effect,ThermoregulationModule,effect_index,moderate,empirical_or_heuristic,internal plausibility only; not externally validated,0.0,1.0,0.0,1.0,"unitless qualitative score/index, expected to remain within 0-1",standard,False,Qualitative internal state for cooling effect; empirical and scenario-dependent.
critical_illness_steroid_need_index,EndocrineStressAxisModule,index,moderate,empirical_or_heuristic,internal plausibility only; not externally validated,0.0,1.0,0.0,1.0,"unitless qualitative score/index, expected to remain within 0-1",standard,False,Qualitative internal state for critical illness steroid need index; empirical and scenario-dependent.
cycling_frac,VentilatorModule,setting_fraction,low,empirical_or_heuristic,internal plausibility only; not externally validated,0.0,1.0,0.0,1.0,"unitless qualitative score/index, expected to remain within 0-1",standard,False,Ventilator cycling fraction setting used for PSV-like cycling logic; not a clinical score.
cytokine_drive,AdvancedSepsisModule,drive_or_tone,moderate,empirical_or_heuristic,internal plausibility only; not externally validated,0.0,3.0,0.0,2.0,qualitative drive/tone variable,standard,False,Qualitative internal state for cytokine drive; empirical and scenario-dependent.
delirium_risk,PainStressSedationModule,risk_index,high,empirical_or_heuristic,internal plausibility only; not externally validated,0.0,1.0,0.0,1.0,"unitless qualitative score/index, expected to remain within 0-1",standard,False,"Qualitative risk index for delirium risk; intended for scenario comparison and education, not prediction."
delirium_state_index,NeuroFunctionalModule/ICPModule,index,moderate,empirical_or_heuristic,internal plausibility only; not externally validated,0.0,1.0,0.0,1.0,"unitless qualitative score/index, expected to remain within 0-1",standard,False,Qualitative internal state for delirium state index; empirical and scenario-dependent.
diuretic_effect,AKICRRTModule/FluidBalanceModule,effect_index,moderate,empirical_or_heuristic,internal plausibility only; not externally validated,0.0,1.0,0.0,1.0,"unitless qualitative score/index, expected to remain within 0-1",standard,False,Qualitative internal state for diuretic effect; empirical and scenario-dependent.
diuretic_response_index,AKICRRTModule/FluidBalanceModule,index,moderate,empirical_or_heuristic,internal plausibility only; not externally validated,0.0,1.0,0.0,1.0,"unitless qualitative score/index, expected to remain within 0-1",standard,False,Qualitative internal state for diuretic response index; empirical and scenario-dependent.
drive_level,RespiratoryMechanics/ChemoreflexModule,drive_or_tone,moderate,empirical_or_heuristic,internal plausibility only; not externally validated,0.0,3.0,0.0,2.0,qualitative drive/tone variable,standard,False,Qualitative internal state for drive level; empirical and scenario-dependent.
drug_HR_mod,PKPDModule,modifier,moderate,empirical_or_heuristic,internal plausibility only; not externally validated,0.0,5.0,0.0,2.5,positive multiplicative modifier; not directly measured at bedside,standard,False,Multiplier used by downstream modules to express the qualitative effect of drug HR mod; not a directly validated clinical endpoint.
drug_MAP_mod,PKPDModule,modifier,moderate,empirical_or_heuristic,internal plausibility only; not externally validated,0.0,5.0,0.0,2.5,positive multiplicative modifier; not directly measured at bedside,standard,False,Multiplier used by downstream modules to express the qualitative effect of drug MAP mod; not a directly validated clinical endpoint.
drug_NMB_frac,PKPDModule,index,moderate,empirical_or_heuristic,internal plausibility only; not externally validated,0.0,1.0,0.0,1.0,"unitless qualitative score/index, expected to remain within 0-1",standard,False,Qualitative internal state for drug NMB frac; empirical and scenario-dependent.
drug_SVR_mod,PKPDModule,modifier,moderate,empirical_or_heuristic,internal plausibility only; not externally validated,0.0,5.0,0.0,2.5,positive multiplicative modifier; not directly measured at bedside,standard,False,Multiplier used by downstream modules to express the qualitative effect of drug SVR mod; not a directly validated clinical endpoint.
drug_drive_mod,PKPDModule,modifier,moderate,empirical_or_heuristic,internal plausibility only; not externally validated,0.0,5.0,0.0,2.5,positive multiplicative modifier; not directly measured at bedside,standard,False,Multiplier used by downstream modules to express the qualitative effect of drug drive mod; not a directly validated clinical endpoint.
drug_inotropy_mod,PharmacologyModule,modifier,moderate,empirical_or_heuristic,internal plausibility only; not externally validated,0.0,5.0,0.0,2.5,positive multiplicative modifier; not directly measured at bedside,standard,False,Qualitative internal variable drug_inotropy_mod; added to the hardened public registry in v1.19.
encephalopathy_index,NeuroFunctionalModule/ICPModule,index,moderate,empirical_or_heuristic,internal plausibility only; not externally validated,0.0,1.0,0.0,1.0,"unitless qualitative score/index, expected to remain within 0-1",standard,False,Qualitative internal state for encephalopathy index; empirical and scenario-dependent.
endocrine_GFR_mod,EndocrineStressAxisModule,modifier,moderate,empirical_or_heuristic,internal plausibility only; not externally validated,0.0,5.0,0.0,2.5,positive multiplicative modifier; not directly measured at bedside,standard,False,Multiplier used by downstream modules to express the qualitative effect of endocrine GFR mod; not a directly validated clinical endpoint.
endocrine_HR_add,EndocrineStressAxisModule,additive_modifier,moderate,empirical_or_heuristic,internal plausibility only; not externally validated,-150.0,150.0,-50.0,50.0,additive modifier; unit depends on downstream target,standard,False,Additive term used by downstream modules to express the qualitative effect of endocrine HR add; unit depends on target variable.
endocrine_SVR_mod,EndocrineStressAxisModule,modifier,moderate,empirical_or_heuristic,internal plausibility only; not externally validated,0.0,5.0,0.0,2.5,positive multiplicative modifier; not directly measured at bedside,standard,False,Multiplier used by downstream modules to express the qualitative effect of endocrine SVR mod; not a directly validated clinical endpoint.
endocrine_VO2_mod,EndocrineStressAxisModule,modifier,moderate,empirical_or_heuristic,internal plausibility only; not externally validated,0.0,5.0,0.0,2.5,positive multiplicative modifier; not directly measured at bedside,standard,False,Multiplier used by downstream modules to express the qualitative effect of endocrine VO2 mod; not a directly validated clinical endpoint.
endocrine_glucose_prod_mod,EndocrineStressAxisModule,modifier,moderate,empirical_or_heuristic,internal plausibility only; not externally validated,0.0,5.0,0.0,2.5,positive multiplicative modifier; not directly measured at bedside,standard,False,Multiplier used by downstream modules to express the qualitative effect of endocrine glucose prod mod; not a directly validated clinical endpoint.
endocrine_lactate_mod,EndocrineStressAxisModule,modifier,moderate,empirical_or_heuristic,internal plausibility only; not externally validated,0.0,5.0,0.0,2.5,positive multiplicative modifier; not directly measured at bedside,standard,False,Multiplier used by downstream modules to express the qualitative effect of endocrine lactate mod; not a directly validated clinical endpoint.
endocrine_severity_score,EndocrineStressAxisModule,score,high,empirical_or_heuristic,internal plausibility only; not externally validated,0.0,1.0,0.0,1.0,"unitless qualitative score/index, expected to remain within 0-1",standard,False,Composite severity/response score for endocrine severity score; empirical and intended for internal simulation logic.
endothelial_leak_index,AdvancedSepsisModule,index,moderate,empirical_or_heuristic,internal plausibility only; not externally validated,0.0,1.0,0.0,1.0,"unitless qualitative score/index, expected to remain within 0-1",standard,False,Qualitative internal state for endothelial leak index; empirical and scenario-dependent.
feeding_intolerance_index,NutritionCatabolismModule,index,moderate,empirical_or_heuristic,internal plausibility only; not externally validated,0.0,1.0,0.0,1.0,"unitless qualitative score/index, expected to remain within 0-1",standard,False,Qualitative internal state for feeding intolerance index; empirical and scenario-dependent.
fever_drive,ThermoregulationModule,drive_or_tone,moderate,empirical_or_heuristic,internal plausibility only; not externally validated,0.0,3.0,0.0,2.0,qualitative drive/tone variable,standard,False,Qualitative internal state for fever drive; empirical and scenario-dependent.
furosemide_effect_signal,Pharmacology/RenalModules,effect_index,moderate,empirical_or_heuristic,requires expert review and/or external benchmark before scientific use,0.0,1.0,0.0,1.0,"unitless qualitative score/index, expected to remain within 0-1",high,True,Qualitative internal variable furosemide_effect_signal; added to the hardened public registry in v1.19.
heart_lung_CO_mod,HeartLung/RespiratoryMechanicsModule,modifier,moderate,empirical_or_heuristic,internal plausibility only; not externally validated,0.0,5.0,0.0,2.5,positive multiplicative modifier; not directly measured at bedside,standard,False,Multiplier used by downstream modules to express the qualitative effect of heart lung CO mod; not a directly validated clinical endpoint.
heat_loss_index,ThermoregulationModule,index,moderate,empirical_or_heuristic,internal plausibility only; not externally validated,0.0,1.0,0.0,1.0,"unitless qualitative score/index, expected to remain within 0-1",standard,False,Qualitative internal state for heat loss index; empirical and scenario-dependent.
heme_severity_score,HematologyOxygenTransportModule,score,high,empirical_or_heuristic,internal plausibility only; not externally validated,0.0,1.0,0.0,1.0,"unitless qualitative score/index, expected to remain within 0-1",standard,False,Composite severity/response score for heme severity score; empirical and intended for internal simulation logic.
hemolysis_index,HematologyOxygenTransportModule,index,moderate,empirical_or_heuristic,internal plausibility only; not externally validated,0.0,1.0,0.0,1.0,"unitless qualitative score/index, expected to remain within 0-1",standard,False,Qualitative internal state for hemolysis index; empirical and scenario-dependent.
hepatic_drug_clearance_mod,HepaticMetabolismModule,modifier,moderate,empirical_or_heuristic,internal plausibility only; not externally validated,0.0,5.0,0.0,2.5,positive multiplicative modifier; not directly measured at bedside,standard,False,Multiplier used by downstream modules to express the qualitative effect of hepatic drug clearance mod; not a directly validated clinical endpoint.
hepatic_encephalopathy_index,HepaticMetabolismModule,index,moderate,empirical_or_heuristic,internal plausibility only; not externally validated,0.0,1.0,0.0,1.0,"unitless qualitative score/index, expected to remain within 0-1",standard,False,Qualitative internal state for hepatic encephalopathy index; empirical and scenario-dependent.
hepatic_fluid_leak_mod,HepaticMetabolismModule,modifier,moderate,empirical_or_heuristic,internal plausibility only; not externally validated,0.0,5.0,0.0,2.5,positive multiplicative modifier; not directly measured at bedside,standard,False,Multiplier used by downstream modules to express the qualitative effect of hepatic fluid leak mod; not a directly validated clinical endpoint.
hepatic_hypoxic_injury_index,HepaticMetabolismModule,index,moderate,empirical_or_heuristic,internal plausibility only; not externally validated,0.0,1.0,0.0,1.0,"unitless qualitative score/index, expected to remain within 0-1",standard,False,Qualitative internal state for hepatic hypoxic injury index; empirical and scenario-dependent.
hepatic_lactate_clearance_mod,HepaticMetabolismModule,modifier,high,empirical_or_heuristic,requires expert review and/or external benchmark before scientific use,0.0,5.0,0.0,2.5,positive multiplicative modifier; not directly measured at bedside,high,True,Multiplier used by downstream modules to express the qualitative effect of hepatic lactate clearance mod; not a directly validated clinical endpoint.
hepatic_perfusion_index,HepaticMetabolismModule,index,moderate,empirical_or_heuristic,internal plausibility only; not externally validated,0.0,2.0,0.3,1.5,relative hepatic perfusion index,standard,False,Qualitative internal state for hepatic perfusion index; empirical and scenario-dependent.
hepatic_severity_score,HepaticMetabolismModule,score,high,empirical_or_heuristic,internal plausibility only; not externally validated,0.0,1.0,0.0,1.0,"unitless qualitative score/index, expected to remain within 0-1",standard,False,Composite severity/response score for hepatic severity score; empirical and intended for internal simulation logic.
hepatocellular_injury_index,HepaticMetabolismModule,index,moderate,empirical_or_heuristic,internal plausibility only; not externally validated,0.0,1.0,0.0,1.0,"unitless qualitative score/index, expected to remain within 0-1",standard,False,Qualitative internal state for hepatocellular injury index; empirical and scenario-dependent.
hyperchloremia_index,AcidBaseElectrolyteModule,index,moderate,empirical_or_heuristic,internal plausibility only; not externally validated,0.0,1.0,0.0,1.0,"unitless qualitative score/index, expected to remain within 0-1",standard,False,Qualitative internal state for hyperchloremia index; empirical and scenario-dependent.
hyperkalemia_index,AcidBaseElectrolyteModule,index,moderate,empirical_or_heuristic,internal plausibility only; not externally validated,0.0,1.0,0.0,1.0,"unitless qualitative score/index, expected to remain within 0-1",standard,False,Qualitative internal state for hyperkalemia index; empirical and scenario-dependent.
hyperthermia_index,ThermoregulationModule,index,moderate,empirical_or_heuristic,internal plausibility only; not externally validated,0.0,1.0,0.0,1.0,"unitless qualitative score/index, expected to remain within 0-1",standard,False,Qualitative internal state for hyperthermia index; empirical and scenario-dependent.
hypokalemia_index,AcidBaseElectrolyteModule,index,moderate,empirical_or_heuristic,internal plausibility only; not externally validated,0.0,1.0,0.0,1.0,"unitless qualitative score/index, expected to remain within 0-1",standard,False,Qualitative internal state for hypokalemia index; empirical and scenario-dependent.
hypothermia_index,ThermoregulationModule,index,moderate,empirical_or_heuristic,internal plausibility only; not externally validated,0.0,1.0,0.0,1.0,"unitless qualitative score/index, expected to remain within 0-1",standard,False,Qualitative internal state for hypothermia index; empirical and scenario-dependent.
hypoxic_ischemic_neuro_index,NeuroFunctionalModule/ICPModule,index,moderate,empirical_or_heuristic,internal plausibility only; not externally validated,0.0,1.0,0.0,1.0,"unitless qualitative score/index, expected to remain within 0-1",standard,False,Qualitative internal state for hypoxic ischemic neuro index; empirical and scenario-dependent.
inadequate_coverage_index,InfectionAntimicrobialBasicModule,index,moderate,empirical_or_heuristic,internal plausibility only; not externally validated,0.0,1.0,0.0,1.0,"unitless qualitative score/index, expected to remain within 0-1",standard,False,Qualitative internal state for inadequate coverage index; empirical and scenario-dependent.
infection_fever_drive,InfectionAntimicrobialBasicModule,drive_or_tone,moderate,empirical_or_heuristic,internal plausibility only; not externally validated,0.0,3.0,0.0,2.0,qualitative drive/tone variable,standard,False,Qualitative internal state for infection fever drive; empirical and scenario-dependent.
infection_lactate_mod,InfectionAntimicrobialBasicModule,modifier,moderate,empirical_or_heuristic,internal plausibility only; not externally validated,0.0,5.0,0.0,2.5,positive multiplicative modifier; not directly measured at bedside,standard,False,Multiplier used by downstream modules to express the qualitative effect of infection lactate mod; not a directly validated clinical endpoint.
infection_severity_score,InfectionAntimicrobialBasicModule,score,high,empirical_or_heuristic,requires expert review and/or external benchmark before scientific use,0.0,1.0,0.0,1.0,"unitless qualitative score/index, expected to remain within 0-1",high,True,Composite severity/response score for infection severity score; empirical and intended for internal simulation logic.
ino_PVR_mod,INOModule,modifier,moderate,empirical_or_heuristic,internal plausibility only; not externally validated,0.0,5.0,0.0,2.5,positive multiplicative modifier; not directly measured at bedside,standard,False,Multiplier used by downstream modules to express the qualitative effect of ino PVR mod; not a directly validated clinical endpoint.
ino_Qs_Qt_mod,INOModule,modifier,moderate,empirical_or_heuristic,internal plausibility only; not externally validated,0.0,5.0,0.0,2.5,positive multiplicative modifier; not directly measured at bedside,standard,False,Multiplier used by downstream modules to express the qualitative effect of ino Qs Qt mod; not a directly validated clinical endpoint.
insulin_effect_revision,Pharmacology/GlucoseModules,schema_marker,moderate,empirical_or_heuristic,internal plausibility only; not externally validated,0.0,999.0,0.0,999.0,"schema/version marker, not a physiological score",standard,False,Qualitative internal variable insulin_effect_revision; added to the hardened public registry in v1.19.
insulin_effective_clearance_mmol_L_h,Pharmacology/GlucoseModules,effect_index,moderate,empirical_or_heuristic,internal plausibility only; not externally validated,0.0,50.0,0.0,10.0,educational glucose clearance signal from insulin,standard,False,Qualitative internal variable insulin_effective_clearance_mmol_L_h; added to the hardened public registry in v1.19.
insulin_hypoglycemia_risk,Pharmacology/GlucoseModules,risk_index,moderate,empirical_or_heuristic,requires expert review and/or external benchmark before scientific use,0.0,1.0,0.0,1.0,"unitless qualitative score/index, expected to remain within 0-1",high,True,Qualitative internal variable insulin_hypoglycemia_risk; added to the hardened public registry in v1.19.
insulin_resistance_index,EndocrineStressAxisModule,index,moderate,empirical_or_heuristic,internal plausibility only; not externally validated,0.0,1.0,0.0,1.0,"unitless qualitative score/index, expected to remain within 0-1",standard,False,Qualitative internal state for insulin resistance index; empirical and scenario-dependent.
insulin_sensitivity_mod,EndocrineStressAxisModule,modifier,moderate,empirical_or_heuristic,internal plausibility only; not externally validated,0.0,5.0,0.0,2.5,positive multiplicative modifier; not directly measured at bedside,standard,False,Multiplier used by downstream modules to express the qualitative effect of insulin sensitivity mod; not a directly validated clinical endpoint.
liver_SOFA_proxy,HepaticMetabolismModule,proxy,high,empirical_or_heuristic,internal plausibility only; not externally validated,0.0,4.0,0.0,4.0,SOFA-like liver proxy,standard,False,Proxy variable approximating liver SOFA proxy; not equivalent to the bedside clinical measurement.
malnutrition_index,NutritionCatabolismModule,index,moderate,empirical_or_heuristic,internal plausibility only; not externally validated,0.0,1.0,0.0,1.0,"unitless qualitative score/index, expected to remain within 0-1",standard,False,Qualitative internal state for malnutrition index; empirical and scenario-dependent.
marrow_suppression_index,HematologyOxygenTransportModule,index,moderate,empirical_or_heuristic,internal plausibility only; not externally validated,0.0,1.0,0.0,1.0,"unitless qualitative score/index, expected to remain within 0-1",standard,False,Qualitative internal state for marrow suppression index; empirical and scenario-dependent.
metabolic_acidosis_index,AcidBaseElectrolyteModule,index,moderate,empirical_or_heuristic,internal plausibility only; not externally validated,0.0,1.0,0.0,1.0,"unitless qualitative score/index, expected to remain within 0-1",standard,False,Qualitative internal state for metabolic acidosis index; empirical and scenario-dependent.
metabolic_encephalopathy_index,NeuroFunctionalModule/ICPModule,index,moderate,empirical_or_heuristic,internal plausibility only; not externally validated,0.0,1.0,0.0,1.0,"unitless qualitative score/index, expected to remain within 0-1",standard,False,Qualitative internal state for metabolic encephalopathy index; empirical and scenario-dependent.
microbial_burden,InfectionAntimicrobialBasicModule,index,moderate,empirical_or_heuristic,internal plausibility only; not externally validated,0.0,1.0,0.0,1.0,"unitless qualitative score/index, expected to remain within 0-1",standard,False,Qualitative internal state for microbial burden; empirical and scenario-dependent.
microcirculatory_failure_index,AdvancedSepsisModule,index,moderate,empirical_or_heuristic,internal plausibility only; not externally validated,0.0,1.0,0.0,1.0,"unitless qualitative score/index, expected to remain within 0-1",standard,False,Qualitative internal state for microcirculatory failure index; empirical and scenario-dependent.
morphine_renal_accumulation_risk,AKICRRTModule,risk_index,moderate,empirical_or_heuristic,internal plausibility only; not externally validated,0.0,1.0,0.0,1.0,"unitless qualitative score/index, expected to remain within 0-1",standard,False,Qualitative internal variable morphine_renal_accumulation_risk; added to the hardened public registry in v1.19.
myocardial_depression_index,AdvancedSepsisModule,index,moderate,empirical_or_heuristic,internal plausibility only; not externally validated,0.0,1.0,0.0,1.0,"unitless qualitative score/index, expected to remain within 0-1",standard,False,Qualitative internal state for myocardial depression index; empirical and scenario-dependent.
neuro_HR_add,NeuroFunctionalModule/ICPModule,additive_modifier,moderate,empirical_or_heuristic,internal plausibility only; not externally validated,-150.0,150.0,-50.0,50.0,additive modifier; unit depends on downstream target,standard,False,Additive term used by downstream modules to express the qualitative effect of neuro HR add; unit depends on target variable.
neuro_alert,NeuroFunctionalModule/ICPModule,alert_flag,moderate,empirical_or_heuristic,internal plausibility only; not externally validated,0.0,1.0,0.0,1.0,"unitless qualitative score/index, expected to remain within 0-1",standard,False,Boolean alert flag for neuro alert; used for report/UI logic.
neuro_resp_drive_mod,NeuroFunctionalModule/ICPModule,modifier,moderate,empirical_or_heuristic,internal plausibility only; not externally validated,0.0,5.0,0.0,2.5,positive multiplicative modifier; not directly measured at bedside,standard,False,Multiplier used by downstream modules to express the qualitative effect of neuro resp drive mod; not a directly validated clinical endpoint.
neuro_severity_score,NeuroFunctionalModule/ICPModule,score,high,empirical_or_heuristic,requires expert review and/or external benchmark before scientific use,0.0,1.0,0.0,1.0,"unitless qualitative score/index, expected to remain within 0-1",high,True,Composite severity/response score for neuro severity score; empirical and intended for internal simulation logic.
neuro_sympathetic_mod,NeuroFunctionalModule/ICPModule,modifier,moderate,empirical_or_heuristic,internal plausibility only; not externally validated,0.0,5.0,0.0,2.5,positive multiplicative modifier; not directly measured at bedside,standard,False,Multiplier used by downstream modules to express the qualitative effect of neuro sympathetic mod; not a directly validated clinical endpoint.
nitrogen_balance_proxy,NutritionCatabolismModule,proxy,high,empirical_or_heuristic,internal plausibility only; not externally validated,-50.0,50.0,-20.0,20.0,qualitative nitrogen balance proxy,standard,False,Proxy variable approximating nitrogen balance proxy; not equivalent to the bedside clinical measurement.
nutrition_albumin_mod,NutritionCatabolismModule,modifier,moderate,empirical_or_heuristic,internal plausibility only; not externally validated,0.0,5.0,0.0,2.5,positive multiplicative modifier; not directly measured at bedside,standard,False,Multiplier used by downstream modules to express the qualitative effect of nutrition albumin mod; not a directly validated clinical endpoint.
nutrition_severity_score,NutritionCatabolismModule,score,high,empirical_or_heuristic,internal plausibility only; not externally validated,0.0,1.0,0.0,1.0,"unitless qualitative score/index, expected to remain within 0-1",standard,False,Composite severity/response score for nutrition severity score; empirical and intended for internal simulation logic.
oncotic_pressure_proxy,HepaticMetabolismModule,proxy,high,empirical_or_heuristic,internal plausibility only; not externally validated,0.0,3.0,0.3,2.0,relative oncotic pressure proxy,standard,False,Proxy variable approximating oncotic pressure proxy; not equivalent to the bedside clinical measurement.
overdistension_index,HeartLung/RespiratoryMechanicsModule,index,moderate,empirical_or_heuristic,internal plausibility only; not externally validated,0.0,1.0,0.0,1.0,"unitless qualitative score/index, expected to remain within 0-1",standard,False,Qualitative internal state for overdistension index; empirical and scenario-dependent.
pain_score,PainStressSedationModule,score,high,empirical_or_heuristic,internal plausibility only; not externally validated,0.0,10.0,0.0,10.0,qualitative pain/procedural stress scale,standard,False,Composite severity/response score for pain score; empirical and intended for internal simulation logic.
pathogen_resistance_index,InfectionAntimicrobialBasicModule,index,moderate,empirical_or_heuristic,internal plausibility only; not externally validated,0.0,1.0,0.0,1.0,"unitless qualitative score/index, expected to remain within 0-1",standard,False,Qualitative internal state for pathogen resistance index; empirical and scenario-dependent.
piperacillin_coverage_mod,Pharmacology/InfectionModules,modifier,moderate,empirical_or_heuristic,internal plausibility only; not externally validated,0.0,1.0,0.0,1.0,"unitless qualitative score/index, expected to remain within 0-1",standard,False,Qualitative internal variable piperacillin_coverage_mod; added to the hardened public registry in v1.19.
piperacillin_ft_above_MIC,Pharmacology/InfectionModules,index,moderate,empirical_or_heuristic,requires expert review and/or external benchmark before scientific use,,,,,see numeric_range.expected,high,True,Qualitative internal variable piperacillin_ft_above_MIC; added to the hardened public registry in v1.19.
piperacillin_target_attainment,Pharmacology/InfectionModules,index,moderate,empirical_or_heuristic,internal plausibility only; not externally validated,0.0,1.0,0.0,1.0,"unitless qualitative score/index, expected to remain within 0-1",standard,False,Qualitative internal variable piperacillin_target_attainment; added to the hardened public registry in v1.19.
platelet_function_index,HematologyOxygenTransportModule,index,moderate,empirical_or_heuristic,internal plausibility only; not externally validated,0.0,1.0,0.0,1.0,"unitless qualitative score/index, expected to remain within 0-1",standard,False,Qualitative internal state for platelet function index; empirical and scenario-dependent.
procalcitonin_proxy,InfectionAntimicrobialBasicModule,proxy,high,empirical_or_heuristic,internal plausibility only; not externally validated,0.0,1000.0,0.0,100.0,qualitative inflammatory biomarker proxy,standard,False,Proxy variable approximating procalcitonin proxy; not equivalent to the bedside clinical measurement.
recruited_frac,RespiratoryMechanics/ChemoreflexModule,index,moderate,empirical_or_heuristic,internal plausibility only; not externally validated,0.0,1.0,0.0,1.0,"unitless qualitative score/index, expected to remain within 0-1",standard,False,Qualitative internal state for recruited frac; empirical and scenario-dependent.
refeeding_risk_index,NutritionCatabolismModule,risk_index,high,empirical_or_heuristic,internal plausibility only; not externally validated,0.0,1.0,0.0,1.0,"unitless qualitative score/index, expected to remain within 0-1",standard,False,"Qualitative risk index for refeeding risk index; intended for scenario comparison and education, not prediction."
renal_severity_score,AKICRRTModule/FluidBalanceModule,score,high,empirical_or_heuristic,requires expert review and/or external benchmark before scientific use,0.0,1.0,0.0,1.0,"unitless qualitative score/index, expected to remain within 0-1",high,True,Composite severity/response score for renal severity score; empirical and intended for internal simulation logic.
respiratory_acidosis_index,AcidBaseElectrolyteModule,index,moderate,empirical_or_heuristic,internal plausibility only; not externally validated,0.0,1.0,0.0,1.0,"unitless qualitative score/index, expected to remain within 0-1",standard,False,Qualitative internal state for respiratory acidosis index; empirical and scenario-dependent.
sed_HR_mod,PainStressSedationModule,modifier,moderate,empirical_or_heuristic,internal plausibility only; not externally validated,0.0,5.0,0.0,2.5,positive multiplicative modifier; not directly measured at bedside,standard,False,Multiplier used by downstream modules to express the qualitative effect of sed HR mod; not a directly validated clinical endpoint.
sed_SVR_mod,PainStressSedationModule,modifier,moderate,empirical_or_heuristic,internal plausibility only; not externally validated,0.0,5.0,0.0,2.5,positive multiplicative modifier; not directly measured at bedside,standard,False,Multiplier used by downstream modules to express the qualitative effect of sed SVR mod; not a directly validated clinical endpoint.
sed_VO2_mod,PainStressSedationModule,modifier,moderate,empirical_or_heuristic,internal plausibility only; not externally validated,0.0,5.0,0.0,2.5,positive multiplicative modifier; not directly measured at bedside,standard,False,Multiplier used by downstream modules to express the qualitative effect of sed VO2 mod; not a directly validated clinical endpoint.
sed_resp_mod,PainStressSedationModule,modifier,moderate,empirical_or_heuristic,internal plausibility only; not externally validated,0.0,5.0,0.0,2.5,positive multiplicative modifier; not directly measured at bedside,standard,False,Multiplier used by downstream modules to express the qualitative effect of sed resp mod; not a directly validated clinical endpoint.
sedation_score,PainStressSedationModule,score,high,empirical_or_heuristic,requires expert review and/or external benchmark before scientific use,0.0,1.0,0.0,1.0,"unitless qualitative score, expected to remain within 0-1",high,True,Composite severity/response score for sedation score; empirical and intended for internal simulation logic.
seizure_risk_index,NeuroFunctionalModule/ICPModule,risk_index,high,empirical_or_heuristic,internal plausibility only; not externally validated,0.0,1.0,0.0,1.0,"unitless qualitative score/index, expected to remain within 0-1",standard,False,"Qualitative risk index for seizure risk index; intended for scenario comparison and education, not prediction."
seizure_treatment_effect,NeuroFunctionalModule/ICPModule,effect_index,moderate,empirical_or_heuristic,internal plausibility only; not externally validated,0.0,1.0,0.0,1.0,"unitless qualitative score/index, expected to remain within 0-1",standard,False,Qualitative internal state for seizure treatment effect; empirical and scenario-dependent.
sepsis_CO_mod,AdvancedSepsisModule,modifier,moderate,empirical_or_heuristic,internal plausibility only; not externally validated,0.0,5.0,0.0,2.5,positive multiplicative modifier; not directly measured at bedside,standard,False,Multiplier used by downstream modules to express the qualitative effect of sepsis CO mod; not a directly validated clinical endpoint.
sepsis_GFR_mod,AdvancedSepsisModule,modifier,moderate,empirical_or_heuristic,internal plausibility only; not externally validated,0.0,5.0,0.0,2.5,positive multiplicative modifier; not directly measured at bedside,standard,False,Multiplier used by downstream modules to express the qualitative effect of sepsis GFR mod; not a directly validated clinical endpoint.
sepsis_HR_add,AdvancedSepsisModule,additive_modifier,moderate,empirical_or_heuristic,internal plausibility only; not externally validated,-150.0,150.0,-50.0,50.0,additive modifier; unit depends on downstream target,standard,False,Additive term used by downstream modules to express the qualitative effect of sepsis HR add; unit depends on target variable.
sepsis_SVR_mod,AdvancedSepsisModule,modifier,moderate,empirical_or_heuristic,internal plausibility only; not externally validated,0.0,5.0,0.0,2.5,positive multiplicative modifier; not directly measured at bedside,standard,False,Multiplier used by downstream modules to express the qualitative effect of sepsis SVR mod; not a directly validated clinical endpoint.
sepsis_VO2_mod,AdvancedSepsisModule,modifier,moderate,empirical_or_heuristic,internal plausibility only; not externally validated,0.0,5.0,0.0,2.5,positive multiplicative modifier; not directly measured at bedside,standard,False,Multiplier used by downstream modules to express the qualitative effect of sepsis VO2 mod; not a directly validated clinical endpoint.
sepsis_coag_mod,AdvancedSepsisModule,modifier,moderate,empirical_or_heuristic,internal plausibility only; not externally validated,0.0,5.0,0.0,2.5,positive multiplicative modifier; not directly measured at bedside,standard,False,Multiplier used by downstream modules to express the qualitative effect of sepsis coag mod; not a directly validated clinical endpoint.
sepsis_lactate_prod_mod,AdvancedSepsisModule,modifier,moderate,empirical_or_heuristic,internal plausibility only; not externally validated,0.0,5.0,0.0,2.5,positive multiplicative modifier; not directly measured at bedside,standard,False,Multiplier used by downstream modules to express the qualitative effect of sepsis lactate prod mod; not a directly validated clinical endpoint.
sepsis_severity_score,AdvancedSepsisModule,score,high,empirical_or_heuristic,requires expert review and/or external benchmark before scientific use,0.0,1.0,0.0,1.0,"unitless qualitative score/index, expected to remain within 0-1",high,True,Composite severity/response score for sepsis severity score; empirical and intended for internal simulation logic.
septic_encephalopathy_index,NeuroFunctionalModule/ICPModule,index,moderate,empirical_or_heuristic,internal plausibility only; not externally validated,0.0,1.0,0.0,1.0,"unitless qualitative score/index, expected to remain within 0-1",standard,False,Qualitative internal state for septic encephalopathy index; empirical and scenario-dependent.
shivering_index,ThermoregulationModule,index,moderate,empirical_or_heuristic,internal plausibility only; not externally validated,0.0,1.0,0.0,1.0,"unitless qualitative score/index, expected to remain within 0-1",standard,False,Qualitative internal state for shivering index; empirical and scenario-dependent.
source_control_need_index,InfectionAntimicrobialBasicModule,index,moderate,empirical_or_heuristic,internal plausibility only; not externally validated,0.0,1.0,0.0,1.0,"unitless qualitative score/index, expected to remain within 0-1",standard,False,Qualitative internal state for source control need index; empirical and scenario-dependent.
steroid_ICP_mod,SteroidsModule,modifier,moderate,empirical_or_heuristic,internal plausibility only; not externally validated,0.0,5.0,0.0,2.5,positive multiplicative modifier; not directly measured at bedside,standard,False,Multiplier used by downstream modules to express the qualitative effect of steroid ICP mod; not a directly validated clinical endpoint.
steroid_SIRS_mod,SteroidsModule,modifier,moderate,empirical_or_heuristic,internal plausibility only; not externally validated,0.0,5.0,0.0,2.5,positive multiplicative modifier; not directly measured at bedside,standard,False,Multiplier used by downstream modules to express the qualitative effect of steroid SIRS mod; not a directly validated clinical endpoint.
steroid_SVR_mod,SteroidsModule,modifier,moderate,empirical_or_heuristic,internal plausibility only; not externally validated,0.0,5.0,0.0,2.5,positive multiplicative modifier; not directly measured at bedside,standard,False,Multiplier used by downstream modules to express the qualitative effect of steroid SVR mod; not a directly validated clinical endpoint.
steroid_glucose_add,SteroidsModule,additive_modifier,moderate,empirical_or_heuristic,internal plausibility only; not externally validated,-150.0,150.0,-50.0,50.0,additive modifier; unit depends on downstream target,standard,False,Additive term used by downstream modules to express the qualitative effect of steroid glucose add; unit depends on target variable.
stress_hyperglycemia_index,PainStressSedationModule,index,moderate,empirical_or_heuristic,internal plausibility only; not externally validated,0.0,1.0,0.0,1.0,"unitless qualitative score/index, expected to remain within 0-1",standard,False,Qualitative internal state for stress hyperglycemia index; empirical and scenario-dependent.
stress_index,PainStressSedationModule,index,moderate,empirical_or_heuristic,internal plausibility only; not externally validated,0.0,1.0,0.0,1.0,"unitless qualitative score/index, expected to remain within 0-1",standard,False,Qualitative internal state for stress index; empirical and scenario-dependent.
sympathetic_tone,PainStressSedationModule,drive_or_tone,moderate,empirical_or_heuristic,internal plausibility only; not externally validated,0.0,3.0,0.0,2.0,qualitative drive/tone variable,standard,False,Qualitative internal state for sympathetic tone; empirical and scenario-dependent.
temperature_instability_score,ThermoregulationModule,score,high,empirical_or_heuristic,internal plausibility only; not externally validated,0.0,1.0,0.0,1.0,"unitless qualitative score, expected to remain within 0-1",standard,False,Composite severity/response score for temperature instability score; empirical and intended for internal simulation logic.
thermo_HR_add,ThermoregulationModule,additive_modifier,moderate,empirical_or_heuristic,internal plausibility only; not externally validated,-150.0,150.0,-50.0,50.0,additive modifier; unit depends on downstream target,standard,False,Additive term used by downstream modules to express the qualitative effect of thermo HR add; unit depends on target variable.
thermo_VO2_mod,ThermoregulationModule,modifier,moderate,empirical_or_heuristic,internal plausibility only; not externally validated,0.0,5.0,0.0,2.5,positive multiplicative modifier; not directly measured at bedside,standard,False,Multiplier used by downstream modules to express the qualitative effect of thermo VO2 mod; not a directly validated clinical endpoint.
thermo_coag_mod,ThermoregulationModule,modifier,moderate,empirical_or_heuristic,internal plausibility only; not externally validated,0.0,5.0,0.0,2.5,positive multiplicative modifier; not directly measured at bedside,standard,False,Multiplier used by downstream modules to express the qualitative effect of thermo coag mod; not a directly validated clinical endpoint.
thermo_lactate_mod,ThermoregulationModule,modifier,moderate,empirical_or_heuristic,internal plausibility only; not externally validated,0.0,5.0,0.0,2.5,positive multiplicative modifier; not directly measured at bedside,standard,False,Multiplier used by downstream modules to express the qualitative effect of thermo lactate mod; not a directly validated clinical endpoint.
thrombosis_risk_index,HematologyOxygenTransportModule,risk_index,high,empirical_or_heuristic,internal plausibility only; not externally validated,0.0,1.0,0.0,1.0,"unitless qualitative score/index, expected to remain within 0-1",standard,False,"Qualitative risk index for thrombosis risk index; intended for scenario comparison and education, not prediction."
thyroid_suppression_index,EndocrineStressAxisModule,index,moderate,empirical_or_heuristic,internal plausibility only; not externally validated,0.0,1.0,0.0,1.0,"unitless qualitative score/index, expected to remain within 0-1",standard,False,Qualitative internal state for thyroid suppression index; empirical and scenario-dependent.
transfusion_trigger_score,HematologyOxygenTransportModule,score,high,empirical_or_heuristic,internal plausibility only; not externally validated,0.0,1.0,0.0,1.0,"unitless qualitative score, expected to remain within 0-1",standard,False,Composite severity/response score for transfusion trigger score; empirical and intended for internal simulation logic.
vancomycin_coverage_mod,Pharmacology/InfectionModules,modifier,moderate,empirical_or_heuristic,internal plausibility only; not externally validated,0.0,1.0,0.0,1.0,"unitless qualitative score/index, expected to remain within 0-1",standard,False,Qualitative internal variable vancomycin_coverage_mod; added to the hardened public registry in v1.19.
vancomycin_target_attainment,Pharmacology/InfectionModules,index,moderate,empirical_or_heuristic,requires expert review and/or external benchmark before scientific use,0.0,1.0,0.0,1.0,"unitless qualitative score/index, expected to remain within 0-1",high,True,Qualitative internal variable vancomycin_target_attainment; added to the hardened public registry in v1.19.
vasoplegia_index,AdvancedSepsisModule,index,moderate,empirical_or_heuristic,internal plausibility only; not externally validated,0.0,1.0,0.0,1.0,"unitless qualitative score/index, expected to remain within 0-1",standard,False,Qualitative internal state for vasoplegia index; empirical and scenario-dependent.
venous_return_mod,HeartLung/RespiratoryMechanicsModule,modifier,moderate,empirical_or_heuristic,internal plausibility only; not externally validated,0.0,5.0,0.0,2.5,positive multiplicative modifier; not directly measured at bedside,standard,False,Multiplier used by downstream modules to express the qualitative effect of venous return mod; not a directly validated clinical endpoint.
vq_deadspace_frac,RespiratoryGasExchangeModule,fraction,moderate,empirical_or_heuristic,requires expert review and/or external benchmark before scientific use,0.0,1.0,0.0,1.0,"unitless qualitative score/index, expected to remain within 0-1",high,True,Qualitative internal variable vq_deadspace_frac; added to the hardened public registry in v1.19.
vq_exchange_frac,RespiratoryGasExchangeModule,fraction,moderate,empirical_or_heuristic,internal plausibility only; not externally validated,0.0,1.0,0.0,1.0,"unitless qualitative score/index, expected to remain within 0-1",standard,False,Qualitative internal variable vq_exchange_frac; added to the hardened public registry in v1.19.
vq_high_vq_burden,RespiratoryGasExchangeModule,burden_index,moderate,empirical_or_heuristic,requires expert review and/or external benchmark before scientific use,0.0,1.0,0.0,1.0,"unitless qualitative score/index, expected to remain within 0-1",high,True,Qualitative internal variable vq_high_vq_burden; added to the hardened public registry in v1.19.
vq_low_vq_burden,RespiratoryGasExchangeModule,burden_index,moderate,empirical_or_heuristic,requires expert review and/or external benchmark before scientific use,0.0,1.0,0.0,1.0,"unitless qualitative score/index, expected to remain within 0-1",high,True,Qualitative internal variable vq_low_vq_burden; added to the hardened public registry in v1.19.
vq_shunt_frac,RespiratoryGasExchangeModule,fraction,moderate,empirical_or_heuristic,requires expert review and/or external benchmark before scientific use,0.0,1.0,0.0,1.0,"unitless qualitative score/index, expected to remain within 0-1",high,True,Qualitative internal variable vq_shunt_frac; added to the hardened public registry in v1.19.
warming_effect,ThermoregulationModule,effect_index,moderate,empirical_or_heuristic,internal plausibility only; not externally validated,0.0,1.0,0.0,1.0,"unitless qualitative score/index, expected to remain within 0-1",standard,False,Qualitative internal state for warming effect; empirical and scenario-dependent.
withdrawal_risk,PainStressSedationModule,risk_index,high,empirical_or_heuristic,requires expert review and/or external benchmark before scientific use,0.0,1.0,0.0,1.0,"unitless qualitative score/index, expected to remain within 0-1",high,True,"Qualitative risk index for withdrawal risk; intended for scenario comparison and education, not prediction."
withdrawal_state_index,NeuroFunctionalModule/ICPModule,index,moderate,empirical_or_heuristic,internal plausibility only; not externally validated,0.0,1.0,0.0,1.0,"unitless qualitative score/index, expected to remain within 0-1",standard,False,Qualitative internal state for withdrawal state index; empirical and scenario-dependent.
vq_adaptive_sigma,GasExchangeModule,dispersion_proxy,high,empirical_or_heuristic,internal plausibility only; not externally validated,0.0,2.0,0.2,1.8,log-normal V/Q dispersion proxy; higher means more heterogeneity,high,True,Qualitative adaptive V/Q dispersion field vq_adaptive_sigma; intended for educational scenario plausibility and reviewer transparency.
vq_ards_weight,GasExchangeModule,index,moderate,empirical_or_heuristic,internal plausibility only; not externally validated,0.0,1.0,0.0,1.0,unitless qualitative adaptive V/Q driver,standard,True,Qualitative adaptive V/Q dispersion field vq_ards_weight; intended for educational scenario plausibility and reviewer transparency.
vq_obstruction_weight,GasExchangeModule,index,moderate,empirical_or_heuristic,internal plausibility only; not externally validated,0.0,1.0,0.0,1.0,unitless qualitative adaptive V/Q driver,standard,True,Qualitative adaptive V/Q dispersion field vq_obstruction_weight; intended for educational scenario plausibility and reviewer transparency.
vq_shock_weight,GasExchangeModule,index,moderate,empirical_or_heuristic,internal plausibility only; not externally validated,0.0,1.0,0.0,1.0,unitless qualitative adaptive V/Q driver,standard,True,Qualitative adaptive V/Q dispersion field vq_shock_weight; intended for educational scenario plausibility and reviewer transparency.
vq_neonatal_weight,GasExchangeModule,index,moderate,empirical_or_heuristic,internal plausibility only; not externally validated,0.0,1.0,0.0,1.0,unitless qualitative adaptive V/Q driver,standard,True,Qualitative adaptive V/Q dispersion field vq_neonatal_weight; intended for educational scenario plausibility and reviewer transparency.
vq_pathology_driver,GasExchangeModule,categorical_driver,moderate,empirical_or_heuristic,internal plausibility only; not externally validated,,,,,none/ards/obstruction/shock/neonatal/mixed,standard,False,Dominant qualitative V/Q pathology driver for audit and debriefing.
ETT_failure_risk,Step4 integrated airway/pharmacology/monitoring modules,risk,moderate,empirical_or_heuristic,internal plausibility only; not externally validated,0.0,1.0,0.0,1.0,"unitless qualitative audit variable, expected to remain within 0-1",standard,False,Internal PDT audit/monitoring variable for ETT_failure_risk; directionality is scenario-dependent and not externally validated.
ETT_position_score,Step4 integrated airway/pharmacology/monitoring modules,score,moderate,empirical_or_heuristic,internal plausibility only; not externally validated,0.0,1.0,0.0,1.0,"unitless qualitative audit variable, expected to remain within 0-1",standard,False,Internal PDT audit/monitoring variable for ETT_position_score; directionality is scenario-dependent and not externally validated.
EtCO2_proxy,Step4 integrated airway/pharmacology/monitoring modules,proxy,moderate,empirical_or_heuristic,internal plausibility only; not externally validated,0.0,150.0,15.0,80.0,legacy EtCO2 alias/proxy in mmHg; retained for backwards compatibility,standard,False,Internal PDT audit/monitoring variable for EtCO2_proxy; directionality is scenario-dependent and not externally validated.
HFNC_failure_risk,Step4 integrated airway/pharmacology/monitoring modules,risk,moderate,empirical_or_heuristic,internal plausibility only; not externally validated,0.0,1.0,0.0,1.0,"unitless qualitative audit variable, expected to remain within 0-1",standard,False,Internal PDT audit/monitoring variable for HFNC_failure_risk; directionality is scenario-dependent and not externally validated.
NIV_failure_risk,Step4 integrated airway/pharmacology/monitoring modules,risk,moderate,empirical_or_heuristic,internal plausibility only; not externally validated,0.0,1.0,0.0,1.0,"unitless qualitative audit variable, expected to remain within 0-1",standard,False,Internal PDT audit/monitoring variable for NIV_failure_risk; directionality is scenario-dependent and not externally validated.
NIV_leak_fraction,Step4 integrated airway/pharmacology/monitoring modules,fraction,moderate,empirical_or_heuristic,internal plausibility only; not externally validated,0.0,1.0,0.0,1.0,"unitless qualitative audit variable, expected to remain within 0-1",standard,False,Internal PDT audit/monitoring variable for NIV_leak_fraction; directionality is scenario-dependent and not externally validated.
NIV_mode,Step4 integrated airway/pharmacology/monitoring modules,categorical_state,moderate,empirical_or_heuristic,internal plausibility only; not externally validated,,,,,see numeric_range when available; categorical states are string labels,standard,False,Internal PDT audit/monitoring variable for NIV_mode; directionality is scenario-dependent and not externally validated.
airway_event_hypoxia_burden,Step4 integrated airway/pharmacology/monitoring modules,burden,moderate,empirical_or_heuristic,internal plausibility only; not externally validated,0.0,1.0,0.0,1.0,"unitless qualitative audit variable, expected to remain within 0-1",standard,False,Internal PDT audit/monitoring variable for airway_event_hypoxia_burden; directionality is scenario-dependent and not externally validated.
airway_protection_score,Step4 integrated airway/pharmacology/monitoring modules,score,moderate,empirical_or_heuristic,internal plausibility only; not externally validated,0.0,1.0,0.0,1.0,"unitless qualitative audit variable, expected to remain within 0-1",standard,False,Internal PDT audit/monitoring variable for airway_protection_score; directionality is scenario-dependent and not externally validated.
aspiration_risk,Step4 integrated airway/pharmacology/monitoring modules,risk,moderate,empirical_or_heuristic,internal plausibility only; not externally validated,0.0,1.0,0.0,1.0,"unitless qualitative audit variable, expected to remain within 0-1",standard,False,Internal PDT audit/monitoring variable for aspiration_risk; directionality is scenario-dependent and not externally validated.
bronchodilator_HR_mod,Step4 integrated airway/pharmacology/monitoring modules,mod,moderate,empirical_or_heuristic,internal plausibility only; not externally validated,0.5,2.0,0.8,1.4,heart-rate modifier from inhaled bronchodilator pathway,standard,False,Internal PDT audit/monitoring variable for bronchodilator_HR_mod; directionality is scenario-dependent and not externally validated.
cuff_leak_fraction,Step4 integrated airway/pharmacology/monitoring modules,fraction,moderate,empirical_or_heuristic,internal plausibility only; not externally validated,0.0,1.0,0.0,1.0,"unitless qualitative audit variable, expected to remain within 0-1",standard,False,Internal PDT audit/monitoring variable for cuff_leak_fraction; directionality is scenario-dependent and not externally validated.
dexmedetomidine_bradycardia_risk,Step4 integrated airway/pharmacology/monitoring modules,risk,moderate,empirical_or_heuristic,internal plausibility only; not externally validated,0.0,1.0,0.0,1.0,"unitless qualitative audit variable, expected to remain within 0-1",standard,False,Internal PDT audit/monitoring variable for dexmedetomidine_bradycardia_risk; directionality is scenario-dependent and not externally validated.
dexmedetomidine_hypotension_risk,Step4 integrated airway/pharmacology/monitoring modules,risk,moderate,empirical_or_heuristic,internal plausibility only; not externally validated,0.0,1.0,0.0,1.0,"unitless qualitative audit variable, expected to remain within 0-1",standard,False,Internal PDT audit/monitoring variable for dexmedetomidine_hypotension_risk; directionality is scenario-dependent and not externally validated.
diuretic_hypovolemia_risk,Step4 integrated airway/pharmacology/monitoring modules,risk,moderate,empirical_or_heuristic,internal plausibility only; not externally validated,0.0,1.0,0.0,1.0,"unitless qualitative audit variable, expected to remain within 0-1",standard,False,Internal PDT audit/monitoring variable for diuretic_hypovolemia_risk; directionality is scenario-dependent and not externally validated.
effective_external_PEEP_cmH2O,Step4 integrated airway/pharmacology/monitoring modules,modifier,moderate,empirical_or_heuristic,internal plausibility only; not externally validated,0.0,60.0,0.0,25.0,effective external PEEP in cmH2O,standard,False,Internal PDT audit/monitoring variable for effective_external_PEEP_cmH2O; directionality is scenario-dependent and not externally validated.
furosemide_effective_diuretic_signal,Step4 integrated airway/pharmacology/monitoring modules,signal,moderate,empirical_or_heuristic,internal plausibility only; not externally validated,0.0,1.0,0.0,1.0,"unitless qualitative audit variable, expected to remain within 0-1",standard,False,Internal PDT audit/monitoring variable for furosemide_effective_diuretic_signal; directionality is scenario-dependent and not externally validated.
ino_rebound_risk_signal,Step4 integrated airway/pharmacology/monitoring modules,risk,moderate,empirical_or_heuristic,internal plausibility only; not externally validated,0.0,1.0,0.0,1.0,"unitless qualitative audit variable, expected to remain within 0-1",standard,False,Internal PDT audit/monitoring variable for ino_rebound_risk_signal; directionality is scenario-dependent and not externally validated.
insulin_effective_potassium_shift_mmol_L_h,Step4 integrated airway/pharmacology/monitoring modules,modifier,moderate,empirical_or_heuristic,internal plausibility only; not externally validated,0.0,20.0,0.0,5.0,effective potassium shift rate proxy in mmol/L/h,standard,False,Internal PDT audit/monitoring variable for insulin_effective_potassium_shift_mmol_L_h; directionality is scenario-dependent and not externally validated.
ketamine_hemodynamic_support_signal,Step4 integrated airway/pharmacology/monitoring modules,mod,moderate,empirical_or_heuristic,internal plausibility only; not externally validated,0.0,1.0,0.0,1.0,"unitless qualitative audit variable, expected to remain within 0-1",standard,False,Internal PDT audit/monitoring variable for ketamine_hemodynamic_support_signal; directionality is scenario-dependent and not externally validated.
laryngospasm_score,Step4 integrated airway/pharmacology/monitoring modules,score,moderate,empirical_or_heuristic,internal plausibility only; not externally validated,0.0,1.0,0.0,1.0,"unitless qualitative audit variable, expected to remain within 0-1",standard,False,Internal PDT audit/monitoring variable for laryngospasm_score; directionality is scenario-dependent and not externally validated.
mask_leak_fraction,Step4 integrated airway/pharmacology/monitoring modules,fraction,moderate,empirical_or_heuristic,internal plausibility only; not externally validated,0.0,1.0,0.0,1.0,"unitless qualitative audit variable, expected to remain within 0-1",standard,False,Internal PDT audit/monitoring variable for mask_leak_fraction; directionality is scenario-dependent and not externally validated.
mouth_leak_fraction,Step4 integrated airway/pharmacology/monitoring modules,fraction,moderate,empirical_or_heuristic,internal plausibility only; not externally validated,0.0,1.0,0.0,1.0,"unitless qualitative audit variable, expected to remain within 0-1",standard,False,Internal PDT audit/monitoring variable for mouth_leak_fraction; directionality is scenario-dependent and not externally validated.
sedative_drive_depression_signal,Step4 integrated airway/pharmacology/monitoring modules,signal,moderate,empirical_or_heuristic,internal plausibility only; not externally validated,0.0,1.0,0.0,1.0,"unitless qualitative audit variable, expected to remain within 0-1",standard,False,Internal PDT audit/monitoring variable for sedative_drive_depression_signal; directionality is scenario-dependent and not externally validated.
spontaneous_airway_mode,Step4 integrated airway/pharmacology/monitoring modules,categorical_state,moderate,empirical_or_heuristic,internal plausibility only; not externally validated,,,,,see numeric_range when available; categorical states are string labels,standard,False,Internal PDT audit/monitoring variable for spontaneous_airway_mode; directionality is scenario-dependent and not externally validated.
steroid_delayed_effect_signal,Step4 integrated airway/pharmacology/monitoring modules,signal,moderate,empirical_or_heuristic,internal plausibility only; not externally validated,0.0,1.0,0.0,1.0,"unitless qualitative audit variable, expected to remain within 0-1",standard,False,Internal PDT audit/monitoring variable for steroid_delayed_effect_signal; directionality is scenario-dependent and not externally validated.
tube_VdVt_add,Step4 integrated airway/pharmacology/monitoring modules,modifier,moderate,empirical_or_heuristic,internal plausibility only; not externally validated,0.0,1.0,0.0,0.5,additional apparatus/tube dead-space fraction contribution,standard,False,Internal PDT audit/monitoring variable for tube_VdVt_add; directionality is scenario-dependent and not externally validated.
tube_obstruction_score,Step4 integrated airway/pharmacology/monitoring modules,score,moderate,empirical_or_heuristic,internal plausibility only; not externally validated,0.0,1.0,0.0,1.0,"unitless qualitative audit variable, expected to remain within 0-1",standard,False,Internal PDT audit/monitoring variable for tube_obstruction_score; directionality is scenario-dependent and not externally validated.
upper_airway_obstruction_score,Step4 integrated airway/pharmacology/monitoring modules,score,moderate,empirical_or_heuristic,internal plausibility only; not externally validated,0.0,1.0,0.0,1.0,"unitless qualitative audit variable, expected to remain within 0-1",standard,False,Internal PDT audit/monitoring variable for upper_airway_obstruction_score; directionality is scenario-dependent and not externally validated.
vasoactive_CO_mod,Step4 integrated airway/pharmacology/monitoring modules,mod,moderate,empirical_or_heuristic,internal plausibility only; not externally validated,0.1,5.0,0.5,3.0,"vasoactive audit modifier, broad safety range",standard,False,Internal PDT audit/monitoring variable for vasoactive_CO_mod; directionality is scenario-dependent and not externally validated.
vasoactive_SVR_mod,Step4 integrated airway/pharmacology/monitoring modules,mod,moderate,empirical_or_heuristic,internal plausibility only; not externally validated,0.1,5.0,0.5,3.0,"vasoactive audit modifier, broad safety range",standard,False,Internal PDT audit/monitoring variable for vasoactive_SVR_mod; directionality is scenario-dependent and not externally validated.
