scenario,parameter,domain,level,outcome,value,baseline_value,delta_from_baseline
septic_shock,preload_factor,hemodynamics,0.65,spo2_nadir,95.443,96.22,-0.777
septic_shock,preload_factor,hemodynamics,0.65,map_nadir,46.135,54.76,-8.625
septic_shock,preload_factor,hemodynamics,0.65,lactate_peak,2.165,1.518,0.647
septic_shock,preload_factor,hemodynamics,0.65,rescue_margin,0.84,0.996,-0.156
septic_shock,preload_factor,hemodynamics,0.75,spo2_nadir,95.665,96.22,-0.555
septic_shock,preload_factor,hemodynamics,0.75,map_nadir,48.599,54.76,-6.161
septic_shock,preload_factor,hemodynamics,0.75,lactate_peak,1.98,1.518,0.462
septic_shock,preload_factor,hemodynamics,0.75,rescue_margin,0.885,0.996,-0.111
septic_shock,preload_factor,hemodynamics,0.85,spo2_nadir,95.887,96.22,-0.333
septic_shock,preload_factor,hemodynamics,0.85,map_nadir,51.064,54.76,-3.696
septic_shock,preload_factor,hemodynamics,0.85,lactate_peak,1.795,1.518,0.277
septic_shock,preload_factor,hemodynamics,0.85,rescue_margin,0.929,0.996,-0.067
septic_shock,preload_factor,hemodynamics,0.95,spo2_nadir,96.109,96.22,-0.111
septic_shock,preload_factor,hemodynamics,0.95,map_nadir,53.528,54.76,-1.232
septic_shock,preload_factor,hemodynamics,0.95,lactate_peak,1.61,1.518,0.092
septic_shock,preload_factor,hemodynamics,0.95,rescue_margin,0.974,0.996,-0.022
septic_shock,preload_factor,hemodynamics,1.05,spo2_nadir,96.331,96.22,0.111
septic_shock,preload_factor,hemodynamics,1.05,map_nadir,55.992,54.76,1.232
septic_shock,preload_factor,hemodynamics,1.05,lactate_peak,1.5,1.518,-0.018
septic_shock,preload_factor,hemodynamics,1.05,rescue_margin,1.0,0.996,0.004
septic_shock,preload_factor,hemodynamics,1.15,spo2_nadir,96.553,96.22,0.333
septic_shock,preload_factor,hemodynamics,1.15,map_nadir,58.456,54.76,3.696
septic_shock,preload_factor,hemodynamics,1.15,lactate_peak,1.5,1.518,-0.018
septic_shock,preload_factor,hemodynamics,1.15,rescue_margin,1.0,0.996,0.004
septic_shock,preload_factor,hemodynamics,1.25,spo2_nadir,96.775,96.22,0.555
septic_shock,preload_factor,hemodynamics,1.25,map_nadir,60.92,54.76,6.16
septic_shock,preload_factor,hemodynamics,1.25,lactate_peak,1.5,1.518,-0.018
septic_shock,preload_factor,hemodynamics,1.25,rescue_margin,1.0,0.996,0.004
septic_shock,svr_factor,hemodynamics,0.55,spo2_nadir,96.22,96.22,0.0
septic_shock,svr_factor,hemodynamics,0.55,map_nadir,48.599,54.76,-6.161
septic_shock,svr_factor,hemodynamics,0.55,lactate_peak,1.98,1.518,0.462
septic_shock,svr_factor,hemodynamics,0.55,rescue_margin,0.885,0.996,-0.111
septic_shock,svr_factor,hemodynamics,0.7,spo2_nadir,96.22,96.22,0.0
septic_shock,svr_factor,hemodynamics,0.7,map_nadir,50.653,54.76,-4.107
septic_shock,svr_factor,hemodynamics,0.7,lactate_peak,1.826,1.518,0.308
septic_shock,svr_factor,hemodynamics,0.7,rescue_margin,0.922,0.996,-0.074
septic_shock,svr_factor,hemodynamics,0.85,spo2_nadir,96.22,96.22,0.0
septic_shock,svr_factor,hemodynamics,0.85,map_nadir,52.706,54.76,-2.054
septic_shock,svr_factor,hemodynamics,0.85,lactate_peak,1.672,1.518,0.154
septic_shock,svr_factor,hemodynamics,0.85,rescue_margin,0.959,0.996,-0.037
septic_shock,svr_factor,hemodynamics,1.0,spo2_nadir,96.22,96.22,0.0
septic_shock,svr_factor,hemodynamics,1.0,map_nadir,54.76,54.76,0.0
septic_shock,svr_factor,hemodynamics,1.0,lactate_peak,1.518,1.518,0.0
septic_shock,svr_factor,hemodynamics,1.0,rescue_margin,0.996,0.996,0.0
septic_shock,svr_factor,hemodynamics,1.15,spo2_nadir,96.22,96.22,0.0
septic_shock,svr_factor,hemodynamics,1.15,map_nadir,56.814,54.76,2.054
septic_shock,svr_factor,hemodynamics,1.15,lactate_peak,1.5,1.518,-0.018
septic_shock,svr_factor,hemodynamics,1.15,rescue_margin,1.0,0.996,0.004
septic_shock,svr_factor,hemodynamics,1.3,spo2_nadir,96.22,96.22,0.0
septic_shock,svr_factor,hemodynamics,1.3,map_nadir,58.867,54.76,4.107
septic_shock,svr_factor,hemodynamics,1.3,lactate_peak,1.5,1.518,-0.018
septic_shock,svr_factor,hemodynamics,1.3,rescue_margin,1.0,0.996,0.004
septic_shock,svr_factor,hemodynamics,1.45,spo2_nadir,96.22,96.22,0.0
septic_shock,svr_factor,hemodynamics,1.45,map_nadir,60.92,54.76,6.16
septic_shock,svr_factor,hemodynamics,1.45,lactate_peak,1.5,1.518,-0.018
septic_shock,svr_factor,hemodynamics,1.45,rescue_margin,1.0,0.996,0.004
septic_shock,contractility_factor,hemodynamics,0.55,spo2_nadir,96.22,96.22,0.0
septic_shock,contractility_factor,hemodynamics,0.55,map_nadir,47.367,54.76,-7.393
septic_shock,contractility_factor,hemodynamics,0.55,lactate_peak,2.072,1.518,0.554
septic_shock,contractility_factor,hemodynamics,0.55,rescue_margin,0.863,0.996,-0.133
septic_shock,contractility_factor,hemodynamics,0.6833,spo2_nadir,96.22,96.22,0.0
septic_shock,contractility_factor,hemodynamics,0.6833,map_nadir,49.557,54.76,-5.203
septic_shock,contractility_factor,hemodynamics,0.6833,lactate_peak,1.908,1.518,0.39
septic_shock,contractility_factor,hemodynamics,0.6833,rescue_margin,0.902,0.996,-0.094
septic_shock,contractility_factor,hemodynamics,0.8167,spo2_nadir,96.22,96.22,0.0
septic_shock,contractility_factor,hemodynamics,0.8167,map_nadir,51.749,54.76,-3.011
septic_shock,contractility_factor,hemodynamics,0.8167,lactate_peak,1.744,1.518,0.226
septic_shock,contractility_factor,hemodynamics,0.8167,rescue_margin,0.941,0.996,-0.055
septic_shock,contractility_factor,hemodynamics,0.95,spo2_nadir,96.22,96.22,0.0
septic_shock,contractility_factor,hemodynamics,0.95,map_nadir,53.939,54.76,-0.821
septic_shock,contractility_factor,hemodynamics,0.95,lactate_peak,1.58,1.518,0.062
septic_shock,contractility_factor,hemodynamics,0.95,rescue_margin,0.981,0.996,-0.015
septic_shock,contractility_factor,hemodynamics,1.0833,spo2_nadir,96.22,96.22,0.0
septic_shock,contractility_factor,hemodynamics,1.0833,map_nadir,56.128,54.76,1.368
septic_shock,contractility_factor,hemodynamics,1.0833,lactate_peak,1.5,1.518,-0.018
septic_shock,contractility_factor,hemodynamics,1.0833,rescue_margin,1.0,0.996,0.004
septic_shock,contractility_factor,hemodynamics,1.2167,spo2_nadir,96.22,96.22,0.0
septic_shock,contractility_factor,hemodynamics,1.2167,map_nadir,58.32,54.76,3.56
septic_shock,contractility_factor,hemodynamics,1.2167,lactate_peak,1.5,1.518,-0.018
septic_shock,contractility_factor,hemodynamics,1.2167,rescue_margin,1.0,0.996,0.004
septic_shock,contractility_factor,hemodynamics,1.35,spo2_nadir,96.22,96.22,0.0
septic_shock,contractility_factor,hemodynamics,1.35,map_nadir,60.51,54.76,5.75
septic_shock,contractility_factor,hemodynamics,1.35,lactate_peak,1.5,1.518,-0.018
septic_shock,contractility_factor,hemodynamics,1.35,rescue_margin,1.0,0.996,0.004
septic_shock,alveolar_oxygen_reserve,respiration,0.45,spo2_nadir,89.07,96.22,-7.15
septic_shock,alveolar_oxygen_reserve,respiration,0.45,map_nadir,54.76,54.76,0.0
septic_shock,alveolar_oxygen_reserve,respiration,0.45,lactate_peak,1.762,1.518,0.244
septic_shock,alveolar_oxygen_reserve,respiration,0.45,rescue_margin,0.922,0.996,-0.074
septic_shock,alveolar_oxygen_reserve,respiration,0.5917,spo2_nadir,90.912,96.22,-5.308
septic_shock,alveolar_oxygen_reserve,respiration,0.5917,map_nadir,54.76,54.76,0.0
septic_shock,alveolar_oxygen_reserve,respiration,0.5917,lactate_peak,1.609,1.518,0.091
septic_shock,alveolar_oxygen_reserve,respiration,0.5917,rescue_margin,0.968,0.996,-0.028
septic_shock,alveolar_oxygen_reserve,respiration,0.7333,spo2_nadir,92.753,96.22,-3.467
septic_shock,alveolar_oxygen_reserve,respiration,0.7333,map_nadir,54.76,54.76,0.0
septic_shock,alveolar_oxygen_reserve,respiration,0.7333,lactate_peak,1.518,1.518,0.0
septic_shock,alveolar_oxygen_reserve,respiration,0.7333,rescue_margin,0.996,0.996,0.0
septic_shock,alveolar_oxygen_reserve,respiration,0.875,spo2_nadir,94.595,96.22,-1.625
septic_shock,alveolar_oxygen_reserve,respiration,0.875,map_nadir,54.76,54.76,0.0
septic_shock,alveolar_oxygen_reserve,respiration,0.875,lactate_peak,1.518,1.518,0.0
septic_shock,alveolar_oxygen_reserve,respiration,0.875,rescue_margin,0.996,0.996,0.0
septic_shock,alveolar_oxygen_reserve,respiration,1.0167,spo2_nadir,96.437,96.22,0.217
septic_shock,alveolar_oxygen_reserve,respiration,1.0167,map_nadir,54.76,54.76,0.0
septic_shock,alveolar_oxygen_reserve,respiration,1.0167,lactate_peak,1.518,1.518,0.0
septic_shock,alveolar_oxygen_reserve,respiration,1.0167,rescue_margin,0.996,0.996,0.0
septic_shock,alveolar_oxygen_reserve,respiration,1.1583,spo2_nadir,98.278,96.22,2.058
septic_shock,alveolar_oxygen_reserve,respiration,1.1583,map_nadir,54.76,54.76,0.0
septic_shock,alveolar_oxygen_reserve,respiration,1.1583,lactate_peak,1.518,1.518,0.0
septic_shock,alveolar_oxygen_reserve,respiration,1.1583,rescue_margin,0.996,0.996,0.0
septic_shock,alveolar_oxygen_reserve,respiration,1.3,spo2_nadir,100.0,96.22,3.78
septic_shock,alveolar_oxygen_reserve,respiration,1.3,map_nadir,54.76,54.76,0.0
septic_shock,alveolar_oxygen_reserve,respiration,1.3,lactate_peak,1.518,1.518,0.0
septic_shock,alveolar_oxygen_reserve,respiration,1.3,rescue_margin,0.996,0.996,0.0
septic_shock,airway_resistance_factor,respiration,0.8,spo2_nadir,96.22,96.22,0.0
septic_shock,airway_resistance_factor,respiration,0.8,map_nadir,54.76,54.76,0.0
septic_shock,airway_resistance_factor,respiration,0.8,lactate_peak,1.518,1.518,0.0
septic_shock,airway_resistance_factor,respiration,0.8,rescue_margin,0.996,0.996,0.0
septic_shock,airway_resistance_factor,respiration,1.0333,spo2_nadir,95.647,96.22,-0.573
septic_shock,airway_resistance_factor,respiration,1.0333,map_nadir,54.76,54.76,0.0
septic_shock,airway_resistance_factor,respiration,1.0333,lactate_peak,1.518,1.518,0.0
septic_shock,airway_resistance_factor,respiration,1.0333,rescue_margin,0.996,0.996,0.0
septic_shock,airway_resistance_factor,respiration,1.2667,spo2_nadir,91.627,96.22,-4.593
septic_shock,airway_resistance_factor,respiration,1.2667,map_nadir,54.76,54.76,0.0
septic_shock,airway_resistance_factor,respiration,1.2667,lactate_peak,1.549,1.518,0.031
septic_shock,airway_resistance_factor,respiration,1.2667,rescue_margin,0.986,0.996,-0.01
septic_shock,airway_resistance_factor,respiration,1.5,spo2_nadir,87.61,96.22,-8.61
septic_shock,airway_resistance_factor,respiration,1.5,map_nadir,54.76,54.76,0.0
septic_shock,airway_resistance_factor,respiration,1.5,lactate_peak,1.884,1.518,0.366
septic_shock,airway_resistance_factor,respiration,1.5,rescue_margin,0.886,0.996,-0.11
septic_shock,airway_resistance_factor,respiration,1.7333,spo2_nadir,83.593,96.22,-12.627
septic_shock,airway_resistance_factor,respiration,1.7333,map_nadir,53.127,54.76,-1.633
septic_shock,airway_resistance_factor,respiration,1.7333,lactate_peak,2.341,1.518,0.823
septic_shock,airway_resistance_factor,respiration,1.7333,rescue_margin,0.756,0.996,-0.24
septic_shock,airway_resistance_factor,respiration,1.9667,spo2_nadir,79.573,96.22,-16.647
septic_shock,airway_resistance_factor,respiration,1.9667,map_nadir,51.493,54.76,-3.267
septic_shock,airway_resistance_factor,respiration,1.9667,lactate_peak,2.799,1.518,1.281
septic_shock,airway_resistance_factor,respiration,1.9667,rescue_margin,0.626,0.996,-0.37
septic_shock,airway_resistance_factor,respiration,2.2,spo2_nadir,75.556,96.22,-20.664
septic_shock,airway_resistance_factor,respiration,2.2,map_nadir,49.86,54.76,-4.9
septic_shock,airway_resistance_factor,respiration,2.2,lactate_peak,3.256,1.518,1.738
septic_shock,airway_resistance_factor,respiration,2.2,rescue_margin,0.491,0.996,-0.505
septic_shock,lactate_clearance_factor,metabolism,0.45,spo2_nadir,96.22,96.22,0.0
septic_shock,lactate_clearance_factor,metabolism,0.45,map_nadir,54.76,54.76,0.0
septic_shock,lactate_clearance_factor,metabolism,0.45,lactate_peak,1.54,1.518,0.022
septic_shock,lactate_clearance_factor,metabolism,0.45,rescue_margin,0.996,0.996,0.0
septic_shock,lactate_clearance_factor,metabolism,0.5917,spo2_nadir,96.22,96.22,0.0
septic_shock,lactate_clearance_factor,metabolism,0.5917,map_nadir,54.76,54.76,0.0
septic_shock,lactate_clearance_factor,metabolism,0.5917,lactate_peak,1.53,1.518,0.012
septic_shock,lactate_clearance_factor,metabolism,0.5917,rescue_margin,0.996,0.996,0.0
septic_shock,lactate_clearance_factor,metabolism,0.7333,spo2_nadir,96.22,96.22,0.0
septic_shock,lactate_clearance_factor,metabolism,0.7333,map_nadir,54.76,54.76,0.0
septic_shock,lactate_clearance_factor,metabolism,0.7333,lactate_peak,1.525,1.518,0.007
septic_shock,lactate_clearance_factor,metabolism,0.7333,rescue_margin,0.996,0.996,0.0
septic_shock,lactate_clearance_factor,metabolism,0.875,spo2_nadir,96.22,96.22,0.0
septic_shock,lactate_clearance_factor,metabolism,0.875,map_nadir,54.76,54.76,0.0
septic_shock,lactate_clearance_factor,metabolism,0.875,lactate_peak,1.521,1.518,0.003
septic_shock,lactate_clearance_factor,metabolism,0.875,rescue_margin,0.996,0.996,0.0
septic_shock,lactate_clearance_factor,metabolism,1.0167,spo2_nadir,96.22,96.22,0.0
septic_shock,lactate_clearance_factor,metabolism,1.0167,map_nadir,54.76,54.76,0.0
septic_shock,lactate_clearance_factor,metabolism,1.0167,lactate_peak,1.518,1.518,0.0
septic_shock,lactate_clearance_factor,metabolism,1.0167,rescue_margin,0.996,0.996,0.0
septic_shock,lactate_clearance_factor,metabolism,1.1583,spo2_nadir,96.22,96.22,0.0
septic_shock,lactate_clearance_factor,metabolism,1.1583,map_nadir,54.76,54.76,0.0
septic_shock,lactate_clearance_factor,metabolism,1.1583,lactate_peak,1.516,1.518,-0.002
septic_shock,lactate_clearance_factor,metabolism,1.1583,rescue_margin,0.996,0.996,0.0
septic_shock,lactate_clearance_factor,metabolism,1.3,spo2_nadir,96.22,96.22,0.0
septic_shock,lactate_clearance_factor,metabolism,1.3,map_nadir,54.76,54.76,0.0
septic_shock,lactate_clearance_factor,metabolism,1.3,lactate_peak,1.514,1.518,-0.004
septic_shock,lactate_clearance_factor,metabolism,1.3,rescue_margin,0.996,0.996,0.0
anaphylaxis,preload_factor,hemodynamics,0.65,spo2_nadir,95.365,96.1,-0.735
anaphylaxis,preload_factor,hemodynamics,0.65,map_nadir,43.642,51.8,-8.158
anaphylaxis,preload_factor,hemodynamics,0.65,lactate_peak,2.284,1.721,0.563
anaphylaxis,preload_factor,hemodynamics,0.65,rescue_margin,0.796,0.942,-0.146
anaphylaxis,preload_factor,hemodynamics,0.75,spo2_nadir,95.575,96.1,-0.525
anaphylaxis,preload_factor,hemodynamics,0.75,map_nadir,45.972,51.8,-5.828
anaphylaxis,preload_factor,hemodynamics,0.75,lactate_peak,2.123,1.721,0.402
anaphylaxis,preload_factor,hemodynamics,0.75,rescue_margin,0.838,0.942,-0.104
anaphylaxis,preload_factor,hemodynamics,0.85,spo2_nadir,95.785,96.1,-0.315
anaphylaxis,preload_factor,hemodynamics,0.85,map_nadir,48.303,51.8,-3.497
anaphylaxis,preload_factor,hemodynamics,0.85,lactate_peak,1.962,1.721,0.241
anaphylaxis,preload_factor,hemodynamics,0.85,rescue_margin,0.879,0.942,-0.063
anaphylaxis,preload_factor,hemodynamics,0.95,spo2_nadir,95.995,96.1,-0.105
anaphylaxis,preload_factor,hemodynamics,0.95,map_nadir,50.634,51.8,-1.166
anaphylaxis,preload_factor,hemodynamics,0.95,lactate_peak,1.801,1.721,0.08
anaphylaxis,preload_factor,hemodynamics,0.95,rescue_margin,0.921,0.942,-0.021
anaphylaxis,preload_factor,hemodynamics,1.05,spo2_nadir,96.205,96.1,0.105
anaphylaxis,preload_factor,hemodynamics,1.05,map_nadir,52.965,51.8,1.165
anaphylaxis,preload_factor,hemodynamics,1.05,lactate_peak,1.64,1.721,-0.081
anaphylaxis,preload_factor,hemodynamics,1.05,rescue_margin,0.963,0.942,0.021
anaphylaxis,preload_factor,hemodynamics,1.15,spo2_nadir,96.415,96.1,0.315
anaphylaxis,preload_factor,hemodynamics,1.15,map_nadir,55.296,51.8,3.496
anaphylaxis,preload_factor,hemodynamics,1.15,lactate_peak,1.5,1.721,-0.221
anaphylaxis,preload_factor,hemodynamics,1.15,rescue_margin,1.0,0.942,0.058
anaphylaxis,preload_factor,hemodynamics,1.25,spo2_nadir,96.625,96.1,0.525
anaphylaxis,preload_factor,hemodynamics,1.25,map_nadir,57.627,51.8,5.827
anaphylaxis,preload_factor,hemodynamics,1.25,lactate_peak,1.5,1.721,-0.221
anaphylaxis,preload_factor,hemodynamics,1.25,rescue_margin,1.0,0.942,0.058
anaphylaxis,svr_factor,hemodynamics,0.55,spo2_nadir,96.1,96.1,0.0
anaphylaxis,svr_factor,hemodynamics,0.55,map_nadir,45.972,51.8,-5.828
anaphylaxis,svr_factor,hemodynamics,0.55,lactate_peak,2.123,1.721,0.402
anaphylaxis,svr_factor,hemodynamics,0.55,rescue_margin,0.838,0.942,-0.104
anaphylaxis,svr_factor,hemodynamics,0.7,spo2_nadir,96.1,96.1,0.0
anaphylaxis,svr_factor,hemodynamics,0.7,map_nadir,47.915,51.8,-3.885
anaphylaxis,svr_factor,hemodynamics,0.7,lactate_peak,1.989,1.721,0.268
anaphylaxis,svr_factor,hemodynamics,0.7,rescue_margin,0.872,0.942,-0.07
anaphylaxis,svr_factor,hemodynamics,0.85,spo2_nadir,96.1,96.1,0.0
anaphylaxis,svr_factor,hemodynamics,0.85,map_nadir,49.858,51.8,-1.942
anaphylaxis,svr_factor,hemodynamics,0.85,lactate_peak,1.855,1.721,0.134
anaphylaxis,svr_factor,hemodynamics,0.85,rescue_margin,0.907,0.942,-0.035
anaphylaxis,svr_factor,hemodynamics,1.0,spo2_nadir,96.1,96.1,0.0
anaphylaxis,svr_factor,hemodynamics,1.0,map_nadir,51.8,51.8,0.0
anaphylaxis,svr_factor,hemodynamics,1.0,lactate_peak,1.721,1.721,0.0
anaphylaxis,svr_factor,hemodynamics,1.0,rescue_margin,0.942,0.942,0.0
anaphylaxis,svr_factor,hemodynamics,1.15,spo2_nadir,96.1,96.1,0.0
anaphylaxis,svr_factor,hemodynamics,1.15,map_nadir,53.742,51.8,1.942
anaphylaxis,svr_factor,hemodynamics,1.15,lactate_peak,1.587,1.721,-0.134
anaphylaxis,svr_factor,hemodynamics,1.15,rescue_margin,0.977,0.942,0.035
anaphylaxis,svr_factor,hemodynamics,1.3,spo2_nadir,96.1,96.1,0.0
anaphylaxis,svr_factor,hemodynamics,1.3,map_nadir,55.685,51.8,3.885
anaphylaxis,svr_factor,hemodynamics,1.3,lactate_peak,1.5,1.721,-0.221
anaphylaxis,svr_factor,hemodynamics,1.3,rescue_margin,1.0,0.942,0.058
anaphylaxis,svr_factor,hemodynamics,1.45,spo2_nadir,96.1,96.1,0.0
anaphylaxis,svr_factor,hemodynamics,1.45,map_nadir,57.627,51.8,5.827
anaphylaxis,svr_factor,hemodynamics,1.45,lactate_peak,1.5,1.721,-0.221
anaphylaxis,svr_factor,hemodynamics,1.45,rescue_margin,1.0,0.942,0.058
anaphylaxis,contractility_factor,hemodynamics,0.55,spo2_nadir,96.1,96.1,0.0
anaphylaxis,contractility_factor,hemodynamics,0.55,map_nadir,44.807,51.8,-6.993
anaphylaxis,contractility_factor,hemodynamics,0.55,lactate_peak,2.203,1.721,0.482
anaphylaxis,contractility_factor,hemodynamics,0.55,rescue_margin,0.817,0.942,-0.125
anaphylaxis,contractility_factor,hemodynamics,0.6833,spo2_nadir,96.1,96.1,0.0
anaphylaxis,contractility_factor,hemodynamics,0.6833,map_nadir,46.878,51.8,-4.922
anaphylaxis,contractility_factor,hemodynamics,0.6833,lactate_peak,2.06,1.721,0.339
anaphylaxis,contractility_factor,hemodynamics,0.6833,rescue_margin,0.854,0.942,-0.088
anaphylaxis,contractility_factor,hemodynamics,0.8167,spo2_nadir,96.1,96.1,0.0
anaphylaxis,contractility_factor,hemodynamics,0.8167,map_nadir,48.952,51.8,-2.848
anaphylaxis,contractility_factor,hemodynamics,0.8167,lactate_peak,1.917,1.721,0.196
anaphylaxis,contractility_factor,hemodynamics,0.8167,rescue_margin,0.891,0.942,-0.051
anaphylaxis,contractility_factor,hemodynamics,0.95,spo2_nadir,96.1,96.1,0.0
anaphylaxis,contractility_factor,hemodynamics,0.95,map_nadir,51.023,51.8,-0.777
anaphylaxis,contractility_factor,hemodynamics,0.95,lactate_peak,1.774,1.721,0.053
anaphylaxis,contractility_factor,hemodynamics,0.95,rescue_margin,0.928,0.942,-0.014
anaphylaxis,contractility_factor,hemodynamics,1.0833,spo2_nadir,96.1,96.1,0.0
anaphylaxis,contractility_factor,hemodynamics,1.0833,map_nadir,53.094,51.8,1.294
anaphylaxis,contractility_factor,hemodynamics,1.0833,lactate_peak,1.631,1.721,-0.09
anaphylaxis,contractility_factor,hemodynamics,1.0833,rescue_margin,0.966,0.942,0.024
anaphylaxis,contractility_factor,hemodynamics,1.2167,spo2_nadir,96.1,96.1,0.0
anaphylaxis,contractility_factor,hemodynamics,1.2167,map_nadir,55.168,51.8,3.368
anaphylaxis,contractility_factor,hemodynamics,1.2167,lactate_peak,1.5,1.721,-0.221
anaphylaxis,contractility_factor,hemodynamics,1.2167,rescue_margin,1.0,0.942,0.058
anaphylaxis,contractility_factor,hemodynamics,1.35,spo2_nadir,96.1,96.1,0.0
anaphylaxis,contractility_factor,hemodynamics,1.35,map_nadir,57.239,51.8,5.439
anaphylaxis,contractility_factor,hemodynamics,1.35,lactate_peak,1.5,1.721,-0.221
anaphylaxis,contractility_factor,hemodynamics,1.35,rescue_margin,1.0,0.942,0.058
anaphylaxis,alveolar_oxygen_reserve,respiration,0.45,spo2_nadir,88.95,96.1,-7.15
anaphylaxis,alveolar_oxygen_reserve,respiration,0.45,map_nadir,51.8,51.8,0.0
anaphylaxis,alveolar_oxygen_reserve,respiration,0.45,lactate_peak,1.955,1.721,0.234
anaphylaxis,alveolar_oxygen_reserve,respiration,0.45,rescue_margin,0.866,0.942,-0.076
anaphylaxis,alveolar_oxygen_reserve,respiration,0.5917,spo2_nadir,90.792,96.1,-5.308
anaphylaxis,alveolar_oxygen_reserve,respiration,0.5917,map_nadir,51.8,51.8,0.0
anaphylaxis,alveolar_oxygen_reserve,respiration,0.5917,lactate_peak,1.813,1.721,0.092
anaphylaxis,alveolar_oxygen_reserve,respiration,0.5917,rescue_margin,0.912,0.942,-0.03
anaphylaxis,alveolar_oxygen_reserve,respiration,0.7333,spo2_nadir,92.633,96.1,-3.467
anaphylaxis,alveolar_oxygen_reserve,respiration,0.7333,map_nadir,51.8,51.8,0.0
anaphylaxis,alveolar_oxygen_reserve,respiration,0.7333,lactate_peak,1.721,1.721,0.0
anaphylaxis,alveolar_oxygen_reserve,respiration,0.7333,rescue_margin,0.942,0.942,0.0
anaphylaxis,alveolar_oxygen_reserve,respiration,0.875,spo2_nadir,94.475,96.1,-1.625
anaphylaxis,alveolar_oxygen_reserve,respiration,0.875,map_nadir,51.8,51.8,0.0
anaphylaxis,alveolar_oxygen_reserve,respiration,0.875,lactate_peak,1.721,1.721,0.0
anaphylaxis,alveolar_oxygen_reserve,respiration,0.875,rescue_margin,0.942,0.942,0.0
anaphylaxis,alveolar_oxygen_reserve,respiration,1.0167,spo2_nadir,96.317,96.1,0.217
anaphylaxis,alveolar_oxygen_reserve,respiration,1.0167,map_nadir,51.8,51.8,0.0
anaphylaxis,alveolar_oxygen_reserve,respiration,1.0167,lactate_peak,1.721,1.721,0.0
anaphylaxis,alveolar_oxygen_reserve,respiration,1.0167,rescue_margin,0.942,0.942,0.0
anaphylaxis,alveolar_oxygen_reserve,respiration,1.1583,spo2_nadir,98.158,96.1,2.058
anaphylaxis,alveolar_oxygen_reserve,respiration,1.1583,map_nadir,51.8,51.8,0.0
anaphylaxis,alveolar_oxygen_reserve,respiration,1.1583,lactate_peak,1.721,1.721,0.0
anaphylaxis,alveolar_oxygen_reserve,respiration,1.1583,rescue_margin,0.942,0.942,0.0
anaphylaxis,alveolar_oxygen_reserve,respiration,1.3,spo2_nadir,100.0,96.1,3.9
anaphylaxis,alveolar_oxygen_reserve,respiration,1.3,map_nadir,51.8,51.8,0.0
anaphylaxis,alveolar_oxygen_reserve,respiration,1.3,lactate_peak,1.721,1.721,0.0
anaphylaxis,alveolar_oxygen_reserve,respiration,1.3,rescue_margin,0.942,0.942,0.0
anaphylaxis,airway_resistance_factor,respiration,0.8,spo2_nadir,96.1,96.1,0.0
anaphylaxis,airway_resistance_factor,respiration,0.8,map_nadir,51.8,51.8,0.0
anaphylaxis,airway_resistance_factor,respiration,0.8,lactate_peak,1.721,1.721,0.0
anaphylaxis,airway_resistance_factor,respiration,0.8,rescue_margin,0.942,0.942,0.0
anaphylaxis,airway_resistance_factor,respiration,1.0333,spo2_nadir,95.555,96.1,-0.545
anaphylaxis,airway_resistance_factor,respiration,1.0333,map_nadir,51.8,51.8,0.0
anaphylaxis,airway_resistance_factor,respiration,1.0333,lactate_peak,1.721,1.721,0.0
anaphylaxis,airway_resistance_factor,respiration,1.0333,rescue_margin,0.942,0.942,0.0
anaphylaxis,airway_resistance_factor,respiration,1.2667,spo2_nadir,91.731,96.1,-4.369
anaphylaxis,airway_resistance_factor,respiration,1.2667,map_nadir,51.8,51.8,0.0
anaphylaxis,airway_resistance_factor,respiration,1.2667,lactate_peak,1.741,1.721,0.02
anaphylaxis,airway_resistance_factor,respiration,1.2667,rescue_margin,0.936,0.942,-0.006
anaphylaxis,airway_resistance_factor,respiration,1.5,spo2_nadir,87.91,96.1,-8.19
anaphylaxis,airway_resistance_factor,respiration,1.5,map_nadir,51.8,51.8,0.0
anaphylaxis,airway_resistance_factor,respiration,1.5,lactate_peak,2.034,1.721,0.313
anaphylaxis,airway_resistance_factor,respiration,1.5,rescue_margin,0.84,0.942,-0.102
anaphylaxis,airway_resistance_factor,respiration,1.7333,spo2_nadir,84.089,96.1,-12.011
anaphylaxis,airway_resistance_factor,respiration,1.7333,map_nadir,50.167,51.8,-1.633
anaphylaxis,airway_resistance_factor,respiration,1.7333,lactate_peak,2.44,1.721,0.719
anaphylaxis,airway_resistance_factor,respiration,1.7333,rescue_margin,0.715,0.942,-0.227
anaphylaxis,airway_resistance_factor,respiration,1.9667,spo2_nadir,80.265,96.1,-15.835
anaphylaxis,airway_resistance_factor,respiration,1.9667,map_nadir,48.533,51.8,-3.267
anaphylaxis,airway_resistance_factor,respiration,1.9667,lactate_peak,2.846,1.721,1.125
anaphylaxis,airway_resistance_factor,respiration,1.9667,rescue_margin,0.59,0.942,-0.352
anaphylaxis,airway_resistance_factor,respiration,2.2,spo2_nadir,76.444,96.1,-19.656
anaphylaxis,airway_resistance_factor,respiration,2.2,map_nadir,46.9,51.8,-4.9
anaphylaxis,airway_resistance_factor,respiration,2.2,lactate_peak,3.252,1.721,1.531
anaphylaxis,airway_resistance_factor,respiration,2.2,rescue_margin,0.46,0.942,-0.482
anaphylaxis,lactate_clearance_factor,metabolism,0.45,spo2_nadir,96.1,96.1,0.0
anaphylaxis,lactate_clearance_factor,metabolism,0.45,map_nadir,51.8,51.8,0.0
anaphylaxis,lactate_clearance_factor,metabolism,0.45,lactate_peak,1.991,1.721,0.27
anaphylaxis,lactate_clearance_factor,metabolism,0.45,rescue_margin,0.942,0.942,0.0
anaphylaxis,lactate_clearance_factor,metabolism,0.5917,spo2_nadir,96.1,96.1,0.0
anaphylaxis,lactate_clearance_factor,metabolism,0.5917,map_nadir,51.8,51.8,0.0
anaphylaxis,lactate_clearance_factor,metabolism,0.5917,lactate_peak,1.873,1.721,0.152
anaphylaxis,lactate_clearance_factor,metabolism,0.5917,rescue_margin,0.942,0.942,0.0
anaphylaxis,lactate_clearance_factor,metabolism,0.7333,spo2_nadir,96.1,96.1,0.0
anaphylaxis,lactate_clearance_factor,metabolism,0.7333,map_nadir,51.8,51.8,0.0
anaphylaxis,lactate_clearance_factor,metabolism,0.7333,lactate_peak,1.801,1.721,0.08
anaphylaxis,lactate_clearance_factor,metabolism,0.7333,rescue_margin,0.942,0.942,0.0
anaphylaxis,lactate_clearance_factor,metabolism,0.875,spo2_nadir,96.1,96.1,0.0
anaphylaxis,lactate_clearance_factor,metabolism,0.875,map_nadir,51.8,51.8,0.0
anaphylaxis,lactate_clearance_factor,metabolism,0.875,lactate_peak,1.752,1.721,0.031
anaphylaxis,lactate_clearance_factor,metabolism,0.875,rescue_margin,0.942,0.942,0.0
anaphylaxis,lactate_clearance_factor,metabolism,1.0167,spo2_nadir,96.1,96.1,0.0
anaphylaxis,lactate_clearance_factor,metabolism,1.0167,map_nadir,51.8,51.8,0.0
anaphylaxis,lactate_clearance_factor,metabolism,1.0167,lactate_peak,1.717,1.721,-0.004
anaphylaxis,lactate_clearance_factor,metabolism,1.0167,rescue_margin,0.942,0.942,0.0
anaphylaxis,lactate_clearance_factor,metabolism,1.1583,spo2_nadir,96.1,96.1,0.0
anaphylaxis,lactate_clearance_factor,metabolism,1.1583,map_nadir,51.8,51.8,0.0
anaphylaxis,lactate_clearance_factor,metabolism,1.1583,lactate_peak,1.691,1.721,-0.03
anaphylaxis,lactate_clearance_factor,metabolism,1.1583,rescue_margin,0.942,0.942,0.0
anaphylaxis,lactate_clearance_factor,metabolism,1.3,spo2_nadir,96.1,96.1,0.0
anaphylaxis,lactate_clearance_factor,metabolism,1.3,map_nadir,51.8,51.8,0.0
anaphylaxis,lactate_clearance_factor,metabolism,1.3,lactate_peak,1.67,1.721,-0.051
anaphylaxis,lactate_clearance_factor,metabolism,1.3,rescue_margin,0.942,0.942,0.0
bronchiolitis_failure,preload_factor,hemodynamics,0.65,spo2_nadir,95.755,96.7,-0.945
bronchiolitis_failure,preload_factor,hemodynamics,0.65,map_nadir,56.111,66.6,-10.489
bronchiolitis_failure,preload_factor,hemodynamics,0.65,lactate_peak,1.5,1.5,0.0
bronchiolitis_failure,preload_factor,hemodynamics,0.65,rescue_margin,1.0,1.0,0.0
bronchiolitis_failure,preload_factor,hemodynamics,0.75,spo2_nadir,96.025,96.7,-0.675
bronchiolitis_failure,preload_factor,hemodynamics,0.75,map_nadir,59.108,66.6,-7.492
bronchiolitis_failure,preload_factor,hemodynamics,0.75,lactate_peak,1.5,1.5,0.0
bronchiolitis_failure,preload_factor,hemodynamics,0.75,rescue_margin,1.0,1.0,0.0
bronchiolitis_failure,preload_factor,hemodynamics,0.85,spo2_nadir,96.295,96.7,-0.405
bronchiolitis_failure,preload_factor,hemodynamics,0.85,map_nadir,62.105,66.6,-4.495
bronchiolitis_failure,preload_factor,hemodynamics,0.85,lactate_peak,1.5,1.5,0.0
bronchiolitis_failure,preload_factor,hemodynamics,0.85,rescue_margin,1.0,1.0,0.0
bronchiolitis_failure,preload_factor,hemodynamics,0.95,spo2_nadir,96.565,96.7,-0.135
bronchiolitis_failure,preload_factor,hemodynamics,0.95,map_nadir,65.102,66.6,-1.498
bronchiolitis_failure,preload_factor,hemodynamics,0.95,lactate_peak,1.5,1.5,0.0
bronchiolitis_failure,preload_factor,hemodynamics,0.95,rescue_margin,1.0,1.0,0.0
bronchiolitis_failure,preload_factor,hemodynamics,1.05,spo2_nadir,96.835,96.7,0.135
bronchiolitis_failure,preload_factor,hemodynamics,1.05,map_nadir,68.099,66.6,1.499
bronchiolitis_failure,preload_factor,hemodynamics,1.05,lactate_peak,1.5,1.5,0.0
bronchiolitis_failure,preload_factor,hemodynamics,1.05,rescue_margin,1.0,1.0,0.0
bronchiolitis_failure,preload_factor,hemodynamics,1.15,spo2_nadir,97.0,96.7,0.3
bronchiolitis_failure,preload_factor,hemodynamics,1.15,map_nadir,71.096,66.6,4.496
bronchiolitis_failure,preload_factor,hemodynamics,1.15,lactate_peak,1.5,1.5,0.0
bronchiolitis_failure,preload_factor,hemodynamics,1.15,rescue_margin,1.0,1.0,0.0
bronchiolitis_failure,preload_factor,hemodynamics,1.25,spo2_nadir,97.0,96.7,0.3
bronchiolitis_failure,preload_factor,hemodynamics,1.25,map_nadir,74.093,66.6,7.493
bronchiolitis_failure,preload_factor,hemodynamics,1.25,lactate_peak,1.5,1.5,0.0
bronchiolitis_failure,preload_factor,hemodynamics,1.25,rescue_margin,1.0,1.0,0.0
bronchiolitis_failure,svr_factor,hemodynamics,0.55,spo2_nadir,96.7,96.7,0.0
bronchiolitis_failure,svr_factor,hemodynamics,0.55,map_nadir,59.108,66.6,-7.492
bronchiolitis_failure,svr_factor,hemodynamics,0.55,lactate_peak,1.5,1.5,0.0
bronchiolitis_failure,svr_factor,hemodynamics,0.55,rescue_margin,1.0,1.0,0.0
bronchiolitis_failure,svr_factor,hemodynamics,0.7,spo2_nadir,96.7,96.7,0.0
bronchiolitis_failure,svr_factor,hemodynamics,0.7,map_nadir,61.605,66.6,-4.995
bronchiolitis_failure,svr_factor,hemodynamics,0.7,lactate_peak,1.5,1.5,0.0
bronchiolitis_failure,svr_factor,hemodynamics,0.7,rescue_margin,1.0,1.0,0.0
bronchiolitis_failure,svr_factor,hemodynamics,0.85,spo2_nadir,96.7,96.7,0.0
bronchiolitis_failure,svr_factor,hemodynamics,0.85,map_nadir,64.103,66.6,-2.497
bronchiolitis_failure,svr_factor,hemodynamics,0.85,lactate_peak,1.5,1.5,0.0
bronchiolitis_failure,svr_factor,hemodynamics,0.85,rescue_margin,1.0,1.0,0.0
bronchiolitis_failure,svr_factor,hemodynamics,1.0,spo2_nadir,96.7,96.7,0.0
bronchiolitis_failure,svr_factor,hemodynamics,1.0,map_nadir,66.6,66.6,0.0
bronchiolitis_failure,svr_factor,hemodynamics,1.0,lactate_peak,1.5,1.5,0.0
bronchiolitis_failure,svr_factor,hemodynamics,1.0,rescue_margin,1.0,1.0,0.0
bronchiolitis_failure,svr_factor,hemodynamics,1.15,spo2_nadir,96.7,96.7,0.0
bronchiolitis_failure,svr_factor,hemodynamics,1.15,map_nadir,69.098,66.6,2.498
bronchiolitis_failure,svr_factor,hemodynamics,1.15,lactate_peak,1.5,1.5,0.0
bronchiolitis_failure,svr_factor,hemodynamics,1.15,rescue_margin,1.0,1.0,0.0
bronchiolitis_failure,svr_factor,hemodynamics,1.3,spo2_nadir,96.7,96.7,0.0
bronchiolitis_failure,svr_factor,hemodynamics,1.3,map_nadir,71.595,66.6,4.995
bronchiolitis_failure,svr_factor,hemodynamics,1.3,lactate_peak,1.5,1.5,0.0
bronchiolitis_failure,svr_factor,hemodynamics,1.3,rescue_margin,1.0,1.0,0.0
bronchiolitis_failure,svr_factor,hemodynamics,1.45,spo2_nadir,96.7,96.7,0.0
bronchiolitis_failure,svr_factor,hemodynamics,1.45,map_nadir,74.093,66.6,7.493
bronchiolitis_failure,svr_factor,hemodynamics,1.45,lactate_peak,1.5,1.5,0.0
bronchiolitis_failure,svr_factor,hemodynamics,1.45,rescue_margin,1.0,1.0,0.0
bronchiolitis_failure,contractility_factor,hemodynamics,0.55,spo2_nadir,96.7,96.7,0.0
bronchiolitis_failure,contractility_factor,hemodynamics,0.55,map_nadir,57.609,66.6,-8.991
bronchiolitis_failure,contractility_factor,hemodynamics,0.55,lactate_peak,1.5,1.5,0.0
bronchiolitis_failure,contractility_factor,hemodynamics,0.55,rescue_margin,1.0,1.0,0.0
bronchiolitis_failure,contractility_factor,hemodynamics,0.6833,spo2_nadir,96.7,96.7,0.0
bronchiolitis_failure,contractility_factor,hemodynamics,0.6833,map_nadir,60.272,66.6,-6.328
bronchiolitis_failure,contractility_factor,hemodynamics,0.6833,lactate_peak,1.5,1.5,0.0
bronchiolitis_failure,contractility_factor,hemodynamics,0.6833,rescue_margin,1.0,1.0,0.0
bronchiolitis_failure,contractility_factor,hemodynamics,0.8167,spo2_nadir,96.7,96.7,0.0
bronchiolitis_failure,contractility_factor,hemodynamics,0.8167,map_nadir,62.938,66.6,-3.662
bronchiolitis_failure,contractility_factor,hemodynamics,0.8167,lactate_peak,1.5,1.5,0.0
bronchiolitis_failure,contractility_factor,hemodynamics,0.8167,rescue_margin,1.0,1.0,0.0
bronchiolitis_failure,contractility_factor,hemodynamics,0.95,spo2_nadir,96.7,96.7,0.0
bronchiolitis_failure,contractility_factor,hemodynamics,0.95,map_nadir,65.601,66.6,-0.999
bronchiolitis_failure,contractility_factor,hemodynamics,0.95,lactate_peak,1.5,1.5,0.0
bronchiolitis_failure,contractility_factor,hemodynamics,0.95,rescue_margin,1.0,1.0,0.0
bronchiolitis_failure,contractility_factor,hemodynamics,1.0833,spo2_nadir,96.7,96.7,0.0
bronchiolitis_failure,contractility_factor,hemodynamics,1.0833,map_nadir,68.264,66.6,1.664
bronchiolitis_failure,contractility_factor,hemodynamics,1.0833,lactate_peak,1.5,1.5,0.0
bronchiolitis_failure,contractility_factor,hemodynamics,1.0833,rescue_margin,1.0,1.0,0.0
bronchiolitis_failure,contractility_factor,hemodynamics,1.2167,spo2_nadir,96.7,96.7,0.0
bronchiolitis_failure,contractility_factor,hemodynamics,1.2167,map_nadir,70.93,66.6,4.33
bronchiolitis_failure,contractility_factor,hemodynamics,1.2167,lactate_peak,1.5,1.5,0.0
bronchiolitis_failure,contractility_factor,hemodynamics,1.2167,rescue_margin,1.0,1.0,0.0
bronchiolitis_failure,contractility_factor,hemodynamics,1.35,spo2_nadir,96.7,96.7,0.0
bronchiolitis_failure,contractility_factor,hemodynamics,1.35,map_nadir,73.593,66.6,6.993
bronchiolitis_failure,contractility_factor,hemodynamics,1.35,lactate_peak,1.5,1.5,0.0
bronchiolitis_failure,contractility_factor,hemodynamics,1.35,rescue_margin,1.0,1.0,0.0
bronchiolitis_failure,alveolar_oxygen_reserve,respiration,0.45,spo2_nadir,89.55,96.7,-7.15
bronchiolitis_failure,alveolar_oxygen_reserve,respiration,0.45,map_nadir,66.6,66.6,0.0
bronchiolitis_failure,alveolar_oxygen_reserve,respiration,0.45,lactate_peak,1.672,1.5,0.172
bronchiolitis_failure,alveolar_oxygen_reserve,respiration,0.45,rescue_margin,0.939,1.0,-0.061
bronchiolitis_failure,alveolar_oxygen_reserve,respiration,0.5917,spo2_nadir,91.392,96.7,-5.308
bronchiolitis_failure,alveolar_oxygen_reserve,respiration,0.5917,map_nadir,66.6,66.6,0.0
bronchiolitis_failure,alveolar_oxygen_reserve,respiration,0.5917,lactate_peak,1.543,1.5,0.043
bronchiolitis_failure,alveolar_oxygen_reserve,respiration,0.5917,rescue_margin,0.985,1.0,-0.015
bronchiolitis_failure,alveolar_oxygen_reserve,respiration,0.7333,spo2_nadir,93.233,96.7,-3.467
bronchiolitis_failure,alveolar_oxygen_reserve,respiration,0.7333,map_nadir,66.6,66.6,0.0
bronchiolitis_failure,alveolar_oxygen_reserve,respiration,0.7333,lactate_peak,1.5,1.5,0.0
bronchiolitis_failure,alveolar_oxygen_reserve,respiration,0.7333,rescue_margin,1.0,1.0,0.0
bronchiolitis_failure,alveolar_oxygen_reserve,respiration,0.875,spo2_nadir,95.075,96.7,-1.625
bronchiolitis_failure,alveolar_oxygen_reserve,respiration,0.875,map_nadir,66.6,66.6,0.0
bronchiolitis_failure,alveolar_oxygen_reserve,respiration,0.875,lactate_peak,1.5,1.5,0.0
bronchiolitis_failure,alveolar_oxygen_reserve,respiration,0.875,rescue_margin,1.0,1.0,0.0
bronchiolitis_failure,alveolar_oxygen_reserve,respiration,1.0167,spo2_nadir,96.917,96.7,0.217
bronchiolitis_failure,alveolar_oxygen_reserve,respiration,1.0167,map_nadir,66.6,66.6,0.0
bronchiolitis_failure,alveolar_oxygen_reserve,respiration,1.0167,lactate_peak,1.5,1.5,0.0
bronchiolitis_failure,alveolar_oxygen_reserve,respiration,1.0167,rescue_margin,1.0,1.0,0.0
bronchiolitis_failure,alveolar_oxygen_reserve,respiration,1.1583,spo2_nadir,98.758,96.7,2.058
bronchiolitis_failure,alveolar_oxygen_reserve,respiration,1.1583,map_nadir,66.6,66.6,0.0
bronchiolitis_failure,alveolar_oxygen_reserve,respiration,1.1583,lactate_peak,1.5,1.5,0.0
bronchiolitis_failure,alveolar_oxygen_reserve,respiration,1.1583,rescue_margin,1.0,1.0,0.0
bronchiolitis_failure,alveolar_oxygen_reserve,respiration,1.3,spo2_nadir,100.0,96.7,3.3
bronchiolitis_failure,alveolar_oxygen_reserve,respiration,1.3,map_nadir,66.6,66.6,0.0
bronchiolitis_failure,alveolar_oxygen_reserve,respiration,1.3,lactate_peak,1.5,1.5,0.0
bronchiolitis_failure,alveolar_oxygen_reserve,respiration,1.3,rescue_margin,1.0,1.0,0.0
bronchiolitis_failure,airway_resistance_factor,respiration,0.8,spo2_nadir,96.7,96.7,0.0
bronchiolitis_failure,airway_resistance_factor,respiration,0.8,map_nadir,66.6,66.6,0.0
bronchiolitis_failure,airway_resistance_factor,respiration,0.8,lactate_peak,1.5,1.5,0.0
bronchiolitis_failure,airway_resistance_factor,respiration,0.8,rescue_margin,1.0,1.0,0.0
bronchiolitis_failure,airway_resistance_factor,respiration,1.0333,spo2_nadir,96.21,96.7,-0.49
bronchiolitis_failure,airway_resistance_factor,respiration,1.0333,map_nadir,66.6,66.6,0.0
bronchiolitis_failure,airway_resistance_factor,respiration,1.0333,lactate_peak,1.5,1.5,0.0
bronchiolitis_failure,airway_resistance_factor,respiration,1.0333,rescue_margin,1.0,1.0,0.0
bronchiolitis_failure,airway_resistance_factor,respiration,1.2667,spo2_nadir,92.78,96.7,-3.92
bronchiolitis_failure,airway_resistance_factor,respiration,1.2667,map_nadir,66.6,66.6,0.0
bronchiolitis_failure,airway_resistance_factor,respiration,1.2667,lactate_peak,1.5,1.5,0.0
bronchiolitis_failure,airway_resistance_factor,respiration,1.2667,rescue_margin,1.0,1.0,0.0
bronchiolitis_failure,airway_resistance_factor,respiration,1.5,spo2_nadir,89.35,96.7,-7.35
bronchiolitis_failure,airway_resistance_factor,respiration,1.5,map_nadir,66.6,66.6,0.0
bronchiolitis_failure,airway_resistance_factor,respiration,1.5,lactate_peak,1.685,1.5,0.185
bronchiolitis_failure,airway_resistance_factor,respiration,1.5,rescue_margin,0.934,1.0,-0.066
bronchiolitis_failure,airway_resistance_factor,respiration,1.7333,spo2_nadir,85.92,96.7,-10.78
bronchiolitis_failure,airway_resistance_factor,respiration,1.7333,map_nadir,64.967,66.6,-1.633
bronchiolitis_failure,airway_resistance_factor,respiration,1.7333,lactate_peak,1.926,1.5,0.426
bronchiolitis_failure,airway_resistance_factor,respiration,1.7333,rescue_margin,0.848,1.0,-0.152
bronchiolitis_failure,airway_resistance_factor,respiration,1.9667,spo2_nadir,82.49,96.7,-14.21
bronchiolitis_failure,airway_resistance_factor,respiration,1.9667,map_nadir,63.333,66.6,-3.267
bronchiolitis_failure,airway_resistance_factor,respiration,1.9667,lactate_peak,2.166,1.5,0.666
bronchiolitis_failure,airway_resistance_factor,respiration,1.9667,rescue_margin,0.762,1.0,-0.238
bronchiolitis_failure,airway_resistance_factor,respiration,2.2,spo2_nadir,79.06,96.7,-17.64
bronchiolitis_failure,airway_resistance_factor,respiration,2.2,map_nadir,61.7,66.6,-4.9
bronchiolitis_failure,airway_resistance_factor,respiration,2.2,lactate_peak,2.406,1.5,0.906
bronchiolitis_failure,airway_resistance_factor,respiration,2.2,rescue_margin,0.677,1.0,-0.323
bronchiolitis_failure,lactate_clearance_factor,metabolism,0.45,spo2_nadir,96.7,96.7,0.0
bronchiolitis_failure,lactate_clearance_factor,metabolism,0.45,map_nadir,66.6,66.6,0.0
bronchiolitis_failure,lactate_clearance_factor,metabolism,0.45,lactate_peak,1.5,1.5,0.0
bronchiolitis_failure,lactate_clearance_factor,metabolism,0.45,rescue_margin,1.0,1.0,0.0
bronchiolitis_failure,lactate_clearance_factor,metabolism,0.5917,spo2_nadir,96.7,96.7,0.0
bronchiolitis_failure,lactate_clearance_factor,metabolism,0.5917,map_nadir,66.6,66.6,0.0
bronchiolitis_failure,lactate_clearance_factor,metabolism,0.5917,lactate_peak,1.5,1.5,0.0
bronchiolitis_failure,lactate_clearance_factor,metabolism,0.5917,rescue_margin,1.0,1.0,0.0
bronchiolitis_failure,lactate_clearance_factor,metabolism,0.7333,spo2_nadir,96.7,96.7,0.0
bronchiolitis_failure,lactate_clearance_factor,metabolism,0.7333,map_nadir,66.6,66.6,0.0
bronchiolitis_failure,lactate_clearance_factor,metabolism,0.7333,lactate_peak,1.5,1.5,0.0
bronchiolitis_failure,lactate_clearance_factor,metabolism,0.7333,rescue_margin,1.0,1.0,0.0
bronchiolitis_failure,lactate_clearance_factor,metabolism,0.875,spo2_nadir,96.7,96.7,0.0
bronchiolitis_failure,lactate_clearance_factor,metabolism,0.875,map_nadir,66.6,66.6,0.0
bronchiolitis_failure,lactate_clearance_factor,metabolism,0.875,lactate_peak,1.5,1.5,0.0
bronchiolitis_failure,lactate_clearance_factor,metabolism,0.875,rescue_margin,1.0,1.0,0.0
bronchiolitis_failure,lactate_clearance_factor,metabolism,1.0167,spo2_nadir,96.7,96.7,0.0
bronchiolitis_failure,lactate_clearance_factor,metabolism,1.0167,map_nadir,66.6,66.6,0.0
bronchiolitis_failure,lactate_clearance_factor,metabolism,1.0167,lactate_peak,1.5,1.5,0.0
bronchiolitis_failure,lactate_clearance_factor,metabolism,1.0167,rescue_margin,1.0,1.0,0.0
bronchiolitis_failure,lactate_clearance_factor,metabolism,1.1583,spo2_nadir,96.7,96.7,0.0
bronchiolitis_failure,lactate_clearance_factor,metabolism,1.1583,map_nadir,66.6,66.6,0.0
bronchiolitis_failure,lactate_clearance_factor,metabolism,1.1583,lactate_peak,1.5,1.5,0.0
bronchiolitis_failure,lactate_clearance_factor,metabolism,1.1583,rescue_margin,1.0,1.0,0.0
bronchiolitis_failure,lactate_clearance_factor,metabolism,1.3,spo2_nadir,96.7,96.7,0.0
bronchiolitis_failure,lactate_clearance_factor,metabolism,1.3,map_nadir,66.6,66.6,0.0
bronchiolitis_failure,lactate_clearance_factor,metabolism,1.3,lactate_peak,1.5,1.5,0.0
bronchiolitis_failure,lactate_clearance_factor,metabolism,1.3,rescue_margin,1.0,1.0,0.0
tamponade,preload_factor,hemodynamics,0.65,spo2_nadir,95.287,95.98,-0.693
tamponade,preload_factor,hemodynamics,0.65,map_nadir,41.148,48.84,-7.692
tamponade,preload_factor,hemodynamics,0.65,lactate_peak,2.497,1.944,0.553
tamponade,preload_factor,hemodynamics,0.65,rescue_margin,0.751,0.889,-0.138
tamponade,preload_factor,hemodynamics,0.75,spo2_nadir,95.485,95.98,-0.495
tamponade,preload_factor,hemodynamics,0.75,map_nadir,43.346,48.84,-5.494
tamponade,preload_factor,hemodynamics,0.75,lactate_peak,2.339,1.944,0.395
tamponade,preload_factor,hemodynamics,0.75,rescue_margin,0.79,0.889,-0.099
tamponade,preload_factor,hemodynamics,0.85,spo2_nadir,95.683,95.98,-0.297
tamponade,preload_factor,hemodynamics,0.85,map_nadir,45.543,48.84,-3.297
tamponade,preload_factor,hemodynamics,0.85,lactate_peak,2.181,1.944,0.237
tamponade,preload_factor,hemodynamics,0.85,rescue_margin,0.83,0.889,-0.059
tamponade,preload_factor,hemodynamics,0.95,spo2_nadir,95.881,95.98,-0.099
tamponade,preload_factor,hemodynamics,0.95,map_nadir,47.741,48.84,-1.099
tamponade,preload_factor,hemodynamics,0.95,lactate_peak,2.023,1.944,0.079
tamponade,preload_factor,hemodynamics,0.95,rescue_margin,0.869,0.889,-0.02
tamponade,preload_factor,hemodynamics,1.05,spo2_nadir,96.079,95.98,0.099
tamponade,preload_factor,hemodynamics,1.05,map_nadir,49.939,48.84,1.099
tamponade,preload_factor,hemodynamics,1.05,lactate_peak,1.864,1.944,-0.08
tamponade,preload_factor,hemodynamics,1.05,rescue_margin,0.909,0.889,0.02
tamponade,preload_factor,hemodynamics,1.15,spo2_nadir,96.277,95.98,0.297
tamponade,preload_factor,hemodynamics,1.15,map_nadir,52.137,48.84,3.297
tamponade,preload_factor,hemodynamics,1.15,lactate_peak,1.706,1.944,-0.238
tamponade,preload_factor,hemodynamics,1.15,rescue_margin,0.948,0.889,0.059
tamponade,preload_factor,hemodynamics,1.25,spo2_nadir,96.475,95.98,0.495
tamponade,preload_factor,hemodynamics,1.25,map_nadir,54.335,48.84,5.495
tamponade,preload_factor,hemodynamics,1.25,lactate_peak,1.548,1.944,-0.396
tamponade,preload_factor,hemodynamics,1.25,rescue_margin,0.988,0.889,0.099
tamponade,svr_factor,hemodynamics,0.55,spo2_nadir,95.98,95.98,0.0
tamponade,svr_factor,hemodynamics,0.55,map_nadir,43.346,48.84,-5.494
tamponade,svr_factor,hemodynamics,0.55,lactate_peak,2.339,1.944,0.395
tamponade,svr_factor,hemodynamics,0.55,rescue_margin,0.79,0.889,-0.099
tamponade,svr_factor,hemodynamics,0.7,spo2_nadir,95.98,95.98,0.0
tamponade,svr_factor,hemodynamics,0.7,map_nadir,45.177,48.84,-3.663
tamponade,svr_factor,hemodynamics,0.7,lactate_peak,2.207,1.944,0.263
tamponade,svr_factor,hemodynamics,0.7,rescue_margin,0.823,0.889,-0.066
tamponade,svr_factor,hemodynamics,0.85,spo2_nadir,95.98,95.98,0.0
tamponade,svr_factor,hemodynamics,0.85,map_nadir,47.009,48.84,-1.831
tamponade,svr_factor,hemodynamics,0.85,lactate_peak,2.075,1.944,0.131
tamponade,svr_factor,hemodynamics,0.85,rescue_margin,0.856,0.889,-0.033
tamponade,svr_factor,hemodynamics,1.0,spo2_nadir,95.98,95.98,0.0
tamponade,svr_factor,hemodynamics,1.0,map_nadir,48.84,48.84,0.0
tamponade,svr_factor,hemodynamics,1.0,lactate_peak,1.944,1.944,0.0
tamponade,svr_factor,hemodynamics,1.0,rescue_margin,0.889,0.889,0.0
tamponade,svr_factor,hemodynamics,1.15,spo2_nadir,95.98,95.98,0.0
tamponade,svr_factor,hemodynamics,1.15,map_nadir,50.672,48.84,1.832
tamponade,svr_factor,hemodynamics,1.15,lactate_peak,1.812,1.944,-0.132
tamponade,svr_factor,hemodynamics,1.15,rescue_margin,0.922,0.889,0.033
tamponade,svr_factor,hemodynamics,1.3,spo2_nadir,95.98,95.98,0.0
tamponade,svr_factor,hemodynamics,1.3,map_nadir,52.503,48.84,3.663
tamponade,svr_factor,hemodynamics,1.3,lactate_peak,1.68,1.944,-0.264
tamponade,svr_factor,hemodynamics,1.3,rescue_margin,0.955,0.889,0.066
tamponade,svr_factor,hemodynamics,1.45,spo2_nadir,95.98,95.98,0.0
tamponade,svr_factor,hemodynamics,1.45,map_nadir,54.335,48.84,5.495
tamponade,svr_factor,hemodynamics,1.45,lactate_peak,1.548,1.944,-0.396
tamponade,svr_factor,hemodynamics,1.45,rescue_margin,0.988,0.889,0.099
tamponade,contractility_factor,hemodynamics,0.55,spo2_nadir,95.98,95.98,0.0
tamponade,contractility_factor,hemodynamics,0.55,map_nadir,42.247,48.84,-6.593
tamponade,contractility_factor,hemodynamics,0.55,lactate_peak,2.418,1.944,0.474
tamponade,contractility_factor,hemodynamics,0.55,rescue_margin,0.77,0.889,-0.119
tamponade,contractility_factor,hemodynamics,0.6833,spo2_nadir,95.98,95.98,0.0
tamponade,contractility_factor,hemodynamics,0.6833,map_nadir,44.2,48.84,-4.64
tamponade,contractility_factor,hemodynamics,0.6833,lactate_peak,2.278,1.944,0.334
tamponade,contractility_factor,hemodynamics,0.6833,rescue_margin,0.806,0.889,-0.083
tamponade,contractility_factor,hemodynamics,0.8167,spo2_nadir,95.98,95.98,0.0
tamponade,contractility_factor,hemodynamics,0.8167,map_nadir,46.154,48.84,-2.686
tamponade,contractility_factor,hemodynamics,0.8167,lactate_peak,2.137,1.944,0.193
tamponade,contractility_factor,hemodynamics,0.8167,rescue_margin,0.841,0.889,-0.048
tamponade,contractility_factor,hemodynamics,0.95,spo2_nadir,95.98,95.98,0.0
tamponade,contractility_factor,hemodynamics,0.95,map_nadir,48.107,48.84,-0.733
tamponade,contractility_factor,hemodynamics,0.95,lactate_peak,1.996,1.944,0.052
tamponade,contractility_factor,hemodynamics,0.95,rescue_margin,0.876,0.889,-0.013
tamponade,contractility_factor,hemodynamics,1.0833,spo2_nadir,95.98,95.98,0.0
tamponade,contractility_factor,hemodynamics,1.0833,map_nadir,50.061,48.84,1.221
tamponade,contractility_factor,hemodynamics,1.0833,lactate_peak,1.856,1.944,-0.088
tamponade,contractility_factor,hemodynamics,1.0833,rescue_margin,0.911,0.889,0.022
tamponade,contractility_factor,hemodynamics,1.2167,spo2_nadir,95.98,95.98,0.0
tamponade,contractility_factor,hemodynamics,1.2167,map_nadir,52.015,48.84,3.175
tamponade,contractility_factor,hemodynamics,1.2167,lactate_peak,1.715,1.944,-0.229
tamponade,contractility_factor,hemodynamics,1.2167,rescue_margin,0.946,0.889,0.057
tamponade,contractility_factor,hemodynamics,1.35,spo2_nadir,95.98,95.98,0.0
tamponade,contractility_factor,hemodynamics,1.35,map_nadir,53.968,48.84,5.128
tamponade,contractility_factor,hemodynamics,1.35,lactate_peak,1.574,1.944,-0.37
tamponade,contractility_factor,hemodynamics,1.35,rescue_margin,0.981,0.889,0.092
tamponade,alveolar_oxygen_reserve,respiration,0.45,spo2_nadir,88.83,95.98,-7.15
tamponade,alveolar_oxygen_reserve,respiration,0.45,map_nadir,48.84,48.84,0.0
tamponade,alveolar_oxygen_reserve,respiration,0.45,lactate_peak,2.197,1.944,0.253
tamponade,alveolar_oxygen_reserve,respiration,0.45,rescue_margin,0.81,0.889,-0.079
tamponade,alveolar_oxygen_reserve,respiration,0.5917,spo2_nadir,90.672,95.98,-5.308
tamponade,alveolar_oxygen_reserve,respiration,0.5917,map_nadir,48.84,48.84,0.0
tamponade,alveolar_oxygen_reserve,respiration,0.5917,lactate_peak,2.05,1.944,0.106
tamponade,alveolar_oxygen_reserve,respiration,0.5917,rescue_margin,0.856,0.889,-0.033
tamponade,alveolar_oxygen_reserve,respiration,0.7333,spo2_nadir,92.513,95.98,-3.467
tamponade,alveolar_oxygen_reserve,respiration,0.7333,map_nadir,48.84,48.84,0.0
tamponade,alveolar_oxygen_reserve,respiration,0.7333,lactate_peak,1.944,1.944,0.0
tamponade,alveolar_oxygen_reserve,respiration,0.7333,rescue_margin,0.889,0.889,0.0
tamponade,alveolar_oxygen_reserve,respiration,0.875,spo2_nadir,94.355,95.98,-1.625
tamponade,alveolar_oxygen_reserve,respiration,0.875,map_nadir,48.84,48.84,0.0
tamponade,alveolar_oxygen_reserve,respiration,0.875,lactate_peak,1.944,1.944,0.0
tamponade,alveolar_oxygen_reserve,respiration,0.875,rescue_margin,0.889,0.889,0.0
tamponade,alveolar_oxygen_reserve,respiration,1.0167,spo2_nadir,96.197,95.98,0.217
tamponade,alveolar_oxygen_reserve,respiration,1.0167,map_nadir,48.84,48.84,0.0
tamponade,alveolar_oxygen_reserve,respiration,1.0167,lactate_peak,1.944,1.944,0.0
tamponade,alveolar_oxygen_reserve,respiration,1.0167,rescue_margin,0.889,0.889,0.0
tamponade,alveolar_oxygen_reserve,respiration,1.1583,spo2_nadir,98.038,95.98,2.058
tamponade,alveolar_oxygen_reserve,respiration,1.1583,map_nadir,48.84,48.84,0.0
tamponade,alveolar_oxygen_reserve,respiration,1.1583,lactate_peak,1.944,1.944,0.0
tamponade,alveolar_oxygen_reserve,respiration,1.1583,rescue_margin,0.889,0.889,0.0
tamponade,alveolar_oxygen_reserve,respiration,1.3,spo2_nadir,99.88,95.98,3.9
tamponade,alveolar_oxygen_reserve,respiration,1.3,map_nadir,48.84,48.84,0.0
tamponade,alveolar_oxygen_reserve,respiration,1.3,lactate_peak,1.944,1.944,0.0
tamponade,alveolar_oxygen_reserve,respiration,1.3,rescue_margin,0.889,0.889,0.0
tamponade,airway_resistance_factor,respiration,0.8,spo2_nadir,95.98,95.98,0.0
tamponade,airway_resistance_factor,respiration,0.8,map_nadir,48.84,48.84,0.0
tamponade,airway_resistance_factor,respiration,0.8,lactate_peak,1.944,1.944,0.0
tamponade,airway_resistance_factor,respiration,0.8,rescue_margin,0.889,0.889,0.0
tamponade,airway_resistance_factor,respiration,1.0333,spo2_nadir,95.365,95.98,-0.615
tamponade,airway_resistance_factor,respiration,1.0333,map_nadir,48.84,48.84,0.0
tamponade,airway_resistance_factor,respiration,1.0333,lactate_peak,1.944,1.944,0.0
tamponade,airway_resistance_factor,respiration,1.0333,rescue_margin,0.889,0.889,0.0
tamponade,airway_resistance_factor,respiration,1.2667,spo2_nadir,91.051,95.98,-4.929
tamponade,airway_resistance_factor,respiration,1.2667,map_nadir,48.84,48.84,0.0
tamponade,airway_resistance_factor,respiration,1.2667,lactate_peak,2.019,1.944,0.075
tamponade,airway_resistance_factor,respiration,1.2667,rescue_margin,0.865,0.889,-0.024
tamponade,airway_resistance_factor,respiration,1.5,spo2_nadir,86.74,95.98,-9.24
tamponade,airway_resistance_factor,respiration,1.5,map_nadir,48.84,48.84,0.0
tamponade,airway_resistance_factor,respiration,1.5,lactate_peak,2.364,1.944,0.42
tamponade,airway_resistance_factor,respiration,1.5,rescue_margin,0.758,0.889,-0.131
tamponade,airway_resistance_factor,respiration,1.7333,spo2_nadir,82.429,95.98,-13.551
tamponade,airway_resistance_factor,respiration,1.7333,map_nadir,47.207,48.84,-1.633
tamponade,airway_resistance_factor,respiration,1.7333,lactate_peak,2.827,1.944,0.883
tamponade,airway_resistance_factor,respiration,1.7333,rescue_margin,0.62,0.889,-0.269
tamponade,airway_resistance_factor,respiration,1.9667,spo2_nadir,78.115,95.98,-17.865
tamponade,airway_resistance_factor,respiration,1.9667,map_nadir,45.573,48.84,-3.267
tamponade,airway_resistance_factor,respiration,1.9667,lactate_peak,3.29,1.944,1.346
tamponade,airway_resistance_factor,respiration,1.9667,rescue_margin,0.477,0.889,-0.412
tamponade,airway_resistance_factor,respiration,2.2,spo2_nadir,73.804,95.98,-22.176
tamponade,airway_resistance_factor,respiration,2.2,map_nadir,43.94,48.84,-4.9
tamponade,airway_resistance_factor,respiration,2.2,lactate_peak,3.752,1.944,1.808
tamponade,airway_resistance_factor,respiration,2.2,rescue_margin,0.331,0.889,-0.558
tamponade,lactate_clearance_factor,metabolism,0.45,spo2_nadir,95.98,95.98,0.0
tamponade,lactate_clearance_factor,metabolism,0.45,map_nadir,48.84,48.84,0.0
tamponade,lactate_clearance_factor,metabolism,0.45,lactate_peak,2.486,1.944,0.542
tamponade,lactate_clearance_factor,metabolism,0.45,rescue_margin,0.889,0.889,0.0
tamponade,lactate_clearance_factor,metabolism,0.5917,spo2_nadir,95.98,95.98,0.0
tamponade,lactate_clearance_factor,metabolism,0.5917,map_nadir,48.84,48.84,0.0
tamponade,lactate_clearance_factor,metabolism,0.5917,lactate_peak,2.25,1.944,0.306
tamponade,lactate_clearance_factor,metabolism,0.5917,rescue_margin,0.889,0.889,0.0
tamponade,lactate_clearance_factor,metabolism,0.7333,spo2_nadir,95.98,95.98,0.0
tamponade,lactate_clearance_factor,metabolism,0.7333,map_nadir,48.84,48.84,0.0
tamponade,lactate_clearance_factor,metabolism,0.7333,lactate_peak,2.105,1.944,0.161
tamponade,lactate_clearance_factor,metabolism,0.7333,rescue_margin,0.889,0.889,0.0
tamponade,lactate_clearance_factor,metabolism,0.875,spo2_nadir,95.98,95.98,0.0
tamponade,lactate_clearance_factor,metabolism,0.875,map_nadir,48.84,48.84,0.0
tamponade,lactate_clearance_factor,metabolism,0.875,lactate_peak,2.007,1.944,0.063
tamponade,lactate_clearance_factor,metabolism,0.875,rescue_margin,0.889,0.889,0.0
tamponade,lactate_clearance_factor,metabolism,1.0167,spo2_nadir,95.98,95.98,0.0
tamponade,lactate_clearance_factor,metabolism,1.0167,map_nadir,48.84,48.84,0.0
tamponade,lactate_clearance_factor,metabolism,1.0167,lactate_peak,1.936,1.944,-0.008
tamponade,lactate_clearance_factor,metabolism,1.0167,rescue_margin,0.889,0.889,0.0
tamponade,lactate_clearance_factor,metabolism,1.1583,spo2_nadir,95.98,95.98,0.0
tamponade,lactate_clearance_factor,metabolism,1.1583,map_nadir,48.84,48.84,0.0
tamponade,lactate_clearance_factor,metabolism,1.1583,lactate_peak,1.883,1.944,-0.061
tamponade,lactate_clearance_factor,metabolism,1.1583,rescue_margin,0.889,0.889,0.0
tamponade,lactate_clearance_factor,metabolism,1.3,spo2_nadir,95.98,95.98,0.0
tamponade,lactate_clearance_factor,metabolism,1.3,map_nadir,48.84,48.84,0.0
tamponade,lactate_clearance_factor,metabolism,1.3,lactate_peak,1.841,1.944,-0.103
tamponade,lactate_clearance_factor,metabolism,1.3,rescue_margin,0.889,0.889,0.0
dka_shock,preload_factor,hemodynamics,0.65,spo2_nadir,95.56,96.4,-0.84
dka_shock,preload_factor,hemodynamics,0.65,map_nadir,49.876,59.2,-9.324
dka_shock,preload_factor,hemodynamics,0.65,lactate_peak,1.915,1.5,0.415
dka_shock,preload_factor,hemodynamics,0.65,rescue_margin,0.908,1.0,-0.092
dka_shock,preload_factor,hemodynamics,0.75,spo2_nadir,95.8,96.4,-0.6
dka_shock,preload_factor,hemodynamics,0.75,map_nadir,52.54,59.2,-6.66
dka_shock,preload_factor,hemodynamics,0.75,lactate_peak,1.699,1.5,0.199
dka_shock,preload_factor,hemodynamics,0.75,rescue_margin,0.956,1.0,-0.044
dka_shock,preload_factor,hemodynamics,0.85,spo2_nadir,96.04,96.4,-0.36
dka_shock,preload_factor,hemodynamics,0.85,map_nadir,55.204,59.2,-3.996
dka_shock,preload_factor,hemodynamics,0.85,lactate_peak,1.5,1.5,0.0
dka_shock,preload_factor,hemodynamics,0.85,rescue_margin,1.0,1.0,0.0
dka_shock,preload_factor,hemodynamics,0.95,spo2_nadir,96.28,96.4,-0.12
dka_shock,preload_factor,hemodynamics,0.95,map_nadir,57.868,59.2,-1.332
dka_shock,preload_factor,hemodynamics,0.95,lactate_peak,1.5,1.5,0.0
dka_shock,preload_factor,hemodynamics,0.95,rescue_margin,1.0,1.0,0.0
dka_shock,preload_factor,hemodynamics,1.05,spo2_nadir,96.52,96.4,0.12
dka_shock,preload_factor,hemodynamics,1.05,map_nadir,60.532,59.2,1.332
dka_shock,preload_factor,hemodynamics,1.05,lactate_peak,1.5,1.5,0.0
dka_shock,preload_factor,hemodynamics,1.05,rescue_margin,1.0,1.0,0.0
dka_shock,preload_factor,hemodynamics,1.15,spo2_nadir,96.76,96.4,0.36
dka_shock,preload_factor,hemodynamics,1.15,map_nadir,63.196,59.2,3.996
dka_shock,preload_factor,hemodynamics,1.15,lactate_peak,1.5,1.5,0.0
dka_shock,preload_factor,hemodynamics,1.15,rescue_margin,1.0,1.0,0.0
dka_shock,preload_factor,hemodynamics,1.25,spo2_nadir,97.0,96.4,0.6
dka_shock,preload_factor,hemodynamics,1.25,map_nadir,65.86,59.2,6.66
dka_shock,preload_factor,hemodynamics,1.25,lactate_peak,1.5,1.5,0.0
dka_shock,preload_factor,hemodynamics,1.25,rescue_margin,1.0,1.0,0.0
dka_shock,svr_factor,hemodynamics,0.55,spo2_nadir,96.4,96.4,0.0
dka_shock,svr_factor,hemodynamics,0.55,map_nadir,52.54,59.2,-6.66
dka_shock,svr_factor,hemodynamics,0.55,lactate_peak,1.699,1.5,0.199
dka_shock,svr_factor,hemodynamics,0.55,rescue_margin,0.956,1.0,-0.044
dka_shock,svr_factor,hemodynamics,0.7,spo2_nadir,96.4,96.4,0.0
dka_shock,svr_factor,hemodynamics,0.7,map_nadir,54.76,59.2,-4.44
dka_shock,svr_factor,hemodynamics,0.7,lactate_peak,1.519,1.5,0.019
dka_shock,svr_factor,hemodynamics,0.7,rescue_margin,0.996,1.0,-0.004
dka_shock,svr_factor,hemodynamics,0.85,spo2_nadir,96.4,96.4,0.0
dka_shock,svr_factor,hemodynamics,0.85,map_nadir,56.98,59.2,-2.22
dka_shock,svr_factor,hemodynamics,0.85,lactate_peak,1.5,1.5,0.0
dka_shock,svr_factor,hemodynamics,0.85,rescue_margin,1.0,1.0,0.0
dka_shock,svr_factor,hemodynamics,1.0,spo2_nadir,96.4,96.4,0.0
dka_shock,svr_factor,hemodynamics,1.0,map_nadir,59.2,59.2,0.0
dka_shock,svr_factor,hemodynamics,1.0,lactate_peak,1.5,1.5,0.0
dka_shock,svr_factor,hemodynamics,1.0,rescue_margin,1.0,1.0,0.0
dka_shock,svr_factor,hemodynamics,1.15,spo2_nadir,96.4,96.4,0.0
dka_shock,svr_factor,hemodynamics,1.15,map_nadir,61.42,59.2,2.22
dka_shock,svr_factor,hemodynamics,1.15,lactate_peak,1.5,1.5,0.0
dka_shock,svr_factor,hemodynamics,1.15,rescue_margin,1.0,1.0,0.0
dka_shock,svr_factor,hemodynamics,1.3,spo2_nadir,96.4,96.4,0.0
dka_shock,svr_factor,hemodynamics,1.3,map_nadir,63.64,59.2,4.44
dka_shock,svr_factor,hemodynamics,1.3,lactate_peak,1.5,1.5,0.0
dka_shock,svr_factor,hemodynamics,1.3,rescue_margin,1.0,1.0,0.0
dka_shock,svr_factor,hemodynamics,1.45,spo2_nadir,96.4,96.4,0.0
dka_shock,svr_factor,hemodynamics,1.45,map_nadir,65.86,59.2,6.66
dka_shock,svr_factor,hemodynamics,1.45,lactate_peak,1.5,1.5,0.0
dka_shock,svr_factor,hemodynamics,1.45,rescue_margin,1.0,1.0,0.0
dka_shock,contractility_factor,hemodynamics,0.55,spo2_nadir,96.4,96.4,0.0
dka_shock,contractility_factor,hemodynamics,0.55,map_nadir,51.208,59.2,-7.992
dka_shock,contractility_factor,hemodynamics,0.55,lactate_peak,1.807,1.5,0.307
dka_shock,contractility_factor,hemodynamics,0.55,rescue_margin,0.932,1.0,-0.068
dka_shock,contractility_factor,hemodynamics,0.6833,spo2_nadir,96.4,96.4,0.0
dka_shock,contractility_factor,hemodynamics,0.6833,map_nadir,53.575,59.2,-5.625
dka_shock,contractility_factor,hemodynamics,0.6833,lactate_peak,1.615,1.5,0.115
dka_shock,contractility_factor,hemodynamics,0.6833,rescue_margin,0.974,1.0,-0.026
dka_shock,contractility_factor,hemodynamics,0.8167,spo2_nadir,96.4,96.4,0.0
dka_shock,contractility_factor,hemodynamics,0.8167,map_nadir,55.945,59.2,-3.255
dka_shock,contractility_factor,hemodynamics,0.8167,lactate_peak,1.5,1.5,0.0
dka_shock,contractility_factor,hemodynamics,0.8167,rescue_margin,1.0,1.0,0.0
dka_shock,contractility_factor,hemodynamics,0.95,spo2_nadir,96.4,96.4,0.0
dka_shock,contractility_factor,hemodynamics,0.95,map_nadir,58.312,59.2,-0.888
dka_shock,contractility_factor,hemodynamics,0.95,lactate_peak,1.5,1.5,0.0
dka_shock,contractility_factor,hemodynamics,0.95,rescue_margin,1.0,1.0,0.0
dka_shock,contractility_factor,hemodynamics,1.0833,spo2_nadir,96.4,96.4,0.0
dka_shock,contractility_factor,hemodynamics,1.0833,map_nadir,60.679,59.2,1.479
dka_shock,contractility_factor,hemodynamics,1.0833,lactate_peak,1.5,1.5,0.0
dka_shock,contractility_factor,hemodynamics,1.0833,rescue_margin,1.0,1.0,0.0
dka_shock,contractility_factor,hemodynamics,1.2167,spo2_nadir,96.4,96.4,0.0
dka_shock,contractility_factor,hemodynamics,1.2167,map_nadir,63.049,59.2,3.849
dka_shock,contractility_factor,hemodynamics,1.2167,lactate_peak,1.5,1.5,0.0
dka_shock,contractility_factor,hemodynamics,1.2167,rescue_margin,1.0,1.0,0.0
dka_shock,contractility_factor,hemodynamics,1.35,spo2_nadir,96.4,96.4,0.0
dka_shock,contractility_factor,hemodynamics,1.35,map_nadir,65.416,59.2,6.216
dka_shock,contractility_factor,hemodynamics,1.35,lactate_peak,1.5,1.5,0.0
dka_shock,contractility_factor,hemodynamics,1.35,rescue_margin,1.0,1.0,0.0
dka_shock,alveolar_oxygen_reserve,respiration,0.45,spo2_nadir,89.25,96.4,-7.15
dka_shock,alveolar_oxygen_reserve,respiration,0.45,map_nadir,59.2,59.2,0.0
dka_shock,alveolar_oxygen_reserve,respiration,0.45,lactate_peak,1.748,1.5,0.248
dka_shock,alveolar_oxygen_reserve,respiration,0.45,rescue_margin,0.931,1.0,-0.069
dka_shock,alveolar_oxygen_reserve,respiration,0.5917,spo2_nadir,91.092,96.4,-5.308
dka_shock,alveolar_oxygen_reserve,respiration,0.5917,map_nadir,59.2,59.2,0.0
dka_shock,alveolar_oxygen_reserve,respiration,0.5917,lactate_peak,1.582,1.5,0.082
dka_shock,alveolar_oxygen_reserve,respiration,0.5917,rescue_margin,0.977,1.0,-0.023
dka_shock,alveolar_oxygen_reserve,respiration,0.7333,spo2_nadir,92.933,96.4,-3.467
dka_shock,alveolar_oxygen_reserve,respiration,0.7333,map_nadir,59.2,59.2,0.0
dka_shock,alveolar_oxygen_reserve,respiration,0.7333,lactate_peak,1.5,1.5,0.0
dka_shock,alveolar_oxygen_reserve,respiration,0.7333,rescue_margin,1.0,1.0,0.0
dka_shock,alveolar_oxygen_reserve,respiration,0.875,spo2_nadir,94.775,96.4,-1.625
dka_shock,alveolar_oxygen_reserve,respiration,0.875,map_nadir,59.2,59.2,0.0
dka_shock,alveolar_oxygen_reserve,respiration,0.875,lactate_peak,1.5,1.5,0.0
dka_shock,alveolar_oxygen_reserve,respiration,0.875,rescue_margin,1.0,1.0,0.0
dka_shock,alveolar_oxygen_reserve,respiration,1.0167,spo2_nadir,96.617,96.4,0.217
dka_shock,alveolar_oxygen_reserve,respiration,1.0167,map_nadir,59.2,59.2,0.0
dka_shock,alveolar_oxygen_reserve,respiration,1.0167,lactate_peak,1.5,1.5,0.0
dka_shock,alveolar_oxygen_reserve,respiration,1.0167,rescue_margin,1.0,1.0,0.0
dka_shock,alveolar_oxygen_reserve,respiration,1.1583,spo2_nadir,98.458,96.4,2.058
dka_shock,alveolar_oxygen_reserve,respiration,1.1583,map_nadir,59.2,59.2,0.0
dka_shock,alveolar_oxygen_reserve,respiration,1.1583,lactate_peak,1.5,1.5,0.0
dka_shock,alveolar_oxygen_reserve,respiration,1.1583,rescue_margin,1.0,1.0,0.0
dka_shock,alveolar_oxygen_reserve,respiration,1.3,spo2_nadir,100.0,96.4,3.6
dka_shock,alveolar_oxygen_reserve,respiration,1.3,map_nadir,59.2,59.2,0.0
dka_shock,alveolar_oxygen_reserve,respiration,1.3,lactate_peak,1.5,1.5,0.0
dka_shock,alveolar_oxygen_reserve,respiration,1.3,rescue_margin,1.0,1.0,0.0
dka_shock,airway_resistance_factor,respiration,0.8,spo2_nadir,96.4,96.4,0.0
dka_shock,airway_resistance_factor,respiration,0.8,map_nadir,59.2,59.2,0.0
dka_shock,airway_resistance_factor,respiration,0.8,lactate_peak,1.5,1.5,0.0
dka_shock,airway_resistance_factor,respiration,0.8,rescue_margin,1.0,1.0,0.0
dka_shock,airway_resistance_factor,respiration,1.0333,spo2_nadir,95.799,96.4,-0.601
dka_shock,airway_resistance_factor,respiration,1.0333,map_nadir,59.2,59.2,0.0
dka_shock,airway_resistance_factor,respiration,1.0333,lactate_peak,1.5,1.5,0.0
dka_shock,airway_resistance_factor,respiration,1.0333,rescue_margin,1.0,1.0,0.0
dka_shock,airway_resistance_factor,respiration,1.2667,spo2_nadir,91.583,96.4,-4.817
dka_shock,airway_resistance_factor,respiration,1.2667,map_nadir,59.2,59.2,0.0
dka_shock,airway_resistance_factor,respiration,1.2667,lactate_peak,1.537,1.5,0.037
dka_shock,airway_resistance_factor,respiration,1.2667,rescue_margin,0.99,1.0,-0.01
dka_shock,airway_resistance_factor,respiration,1.5,spo2_nadir,87.37,96.4,-9.03
dka_shock,airway_resistance_factor,respiration,1.5,map_nadir,59.2,59.2,0.0
dka_shock,airway_resistance_factor,respiration,1.5,lactate_peak,1.917,1.5,0.417
dka_shock,airway_resistance_factor,respiration,1.5,rescue_margin,0.884,1.0,-0.116
dka_shock,airway_resistance_factor,respiration,1.7333,spo2_nadir,83.157,96.4,-13.243
dka_shock,airway_resistance_factor,respiration,1.7333,map_nadir,57.567,59.2,-1.633
dka_shock,airway_resistance_factor,respiration,1.7333,lactate_peak,2.296,1.5,0.796
dka_shock,airway_resistance_factor,respiration,1.7333,rescue_margin,0.779,1.0,-0.221
dka_shock,airway_resistance_factor,respiration,1.9667,spo2_nadir,78.941,96.4,-17.459
dka_shock,airway_resistance_factor,respiration,1.9667,map_nadir,55.933,59.2,-3.267
dka_shock,airway_resistance_factor,respiration,1.9667,lactate_peak,2.675,1.5,1.175
dka_shock,airway_resistance_factor,respiration,1.9667,rescue_margin,0.674,1.0,-0.326
dka_shock,airway_resistance_factor,respiration,2.2,spo2_nadir,74.728,96.4,-21.672
dka_shock,airway_resistance_factor,respiration,2.2,map_nadir,54.3,59.2,-4.9
dka_shock,airway_resistance_factor,respiration,2.2,lactate_peak,3.111,1.5,1.611
dka_shock,airway_resistance_factor,respiration,2.2,rescue_margin,0.553,1.0,-0.447
dka_shock,lactate_clearance_factor,metabolism,0.45,spo2_nadir,96.4,96.4,0.0
dka_shock,lactate_clearance_factor,metabolism,0.45,map_nadir,59.2,59.2,0.0
dka_shock,lactate_clearance_factor,metabolism,0.45,lactate_peak,1.5,1.5,0.0
dka_shock,lactate_clearance_factor,metabolism,0.45,rescue_margin,1.0,1.0,0.0
dka_shock,lactate_clearance_factor,metabolism,0.5917,spo2_nadir,96.4,96.4,0.0
dka_shock,lactate_clearance_factor,metabolism,0.5917,map_nadir,59.2,59.2,0.0
dka_shock,lactate_clearance_factor,metabolism,0.5917,lactate_peak,1.5,1.5,0.0
dka_shock,lactate_clearance_factor,metabolism,0.5917,rescue_margin,1.0,1.0,0.0
dka_shock,lactate_clearance_factor,metabolism,0.7333,spo2_nadir,96.4,96.4,0.0
dka_shock,lactate_clearance_factor,metabolism,0.7333,map_nadir,59.2,59.2,0.0
dka_shock,lactate_clearance_factor,metabolism,0.7333,lactate_peak,1.5,1.5,0.0
dka_shock,lactate_clearance_factor,metabolism,0.7333,rescue_margin,1.0,1.0,0.0
dka_shock,lactate_clearance_factor,metabolism,0.875,spo2_nadir,96.4,96.4,0.0
dka_shock,lactate_clearance_factor,metabolism,0.875,map_nadir,59.2,59.2,0.0
dka_shock,lactate_clearance_factor,metabolism,0.875,lactate_peak,1.5,1.5,0.0
dka_shock,lactate_clearance_factor,metabolism,0.875,rescue_margin,1.0,1.0,0.0
dka_shock,lactate_clearance_factor,metabolism,1.0167,spo2_nadir,96.4,96.4,0.0
dka_shock,lactate_clearance_factor,metabolism,1.0167,map_nadir,59.2,59.2,0.0
dka_shock,lactate_clearance_factor,metabolism,1.0167,lactate_peak,1.5,1.5,0.0
dka_shock,lactate_clearance_factor,metabolism,1.0167,rescue_margin,1.0,1.0,0.0
dka_shock,lactate_clearance_factor,metabolism,1.1583,spo2_nadir,96.4,96.4,0.0
dka_shock,lactate_clearance_factor,metabolism,1.1583,map_nadir,59.2,59.2,0.0
dka_shock,lactate_clearance_factor,metabolism,1.1583,lactate_peak,1.5,1.5,0.0
dka_shock,lactate_clearance_factor,metabolism,1.1583,rescue_margin,1.0,1.0,0.0
dka_shock,lactate_clearance_factor,metabolism,1.3,spo2_nadir,96.4,96.4,0.0
dka_shock,lactate_clearance_factor,metabolism,1.3,map_nadir,59.2,59.2,0.0
dka_shock,lactate_clearance_factor,metabolism,1.3,lactate_peak,1.5,1.5,0.0
dka_shock,lactate_clearance_factor,metabolism,1.3,rescue_margin,1.0,1.0,0.0
